account_age_days,reservation_count,cancellation_ratio,expired_ratio,avg_overstay_minutes,total_overstays,avg_hours_between_reservations,booking_hour,booking_weekday,is_anomaly
859,15,0.07581521560083428,0.001927111160567882,5.7327692834208905,1,52.966279773578,12,2,0
765,3,0.06709202207328213,0.26223199111447487,12.44715426570749,0,35.70102524258673,17,2,0
476,7,0.2671168568966886,0.11122474561239505,5.282089568645611,1,66.98744333210884,14,6,0
904,17,0.11796759670718232,0.07918169514874034,9.064837217911634,1,47.81141226868768,10,6,0
408,18,0.17122162624052087,0.048993734988423694,66.06767244258515,5,37.09478710637603,18,5,1
1068,18,0.30502517389347655,0.1029689368601377,2.161968047305343,0,54.01433217577082,18,1,0
1023,9,0.03229588151467389,0.02136911650291636,7.484938853903499,0,116.62828657664053,18,2,0
1641,18,0.09788776668636737,0.30895503418396825,2.690212695163221,2,78.05264005265981,11,6,0
1683,16,0.15233763630220692,0.07796633256520225,13.768891154257473,0,70.32012072894311,18,3,0
84,16,0.3602241191338002,0.09388717292991047,85.5607970710009,10,17.907136030900812,15,2,1
552,3,0.08014076632007164,0.4111738744900916,3.4075336648902383,2,119.01234868547171,11,6,0
674,2,0.31771491806561286,0.012426852396609704,9.907025959067838,0,53.64717421447465,16,3,0
1393,4,0.1920109768001197,0.1746559338827508,4.678293084150203,2,107.89992532021247,11,2,0
1095,4,0.3948176020805704,0.21766111412668898,2.594498640352246,2,34.66592667616392,7,0,0
241,11,0.1392534746412343,0.7430531106734463,3.3137323891108537,0,7.093208013574072,8,0,1
37,13,0.17573499741634466,0.2534191661930103,13.817871836322965,2,123.50390350693836,9,2,0
959,17,0.10056663708800616,0.13473260804688558,3.5505738980862303,0,115.19604544807216,19,6,0
794,16,0.08091626994088223,0.0903439189252141,5.320977524095765,0,58.06864689226151,17,5,0
175,10,0.6154140410062193,0.6421436764038634,4.666909835279326,0,24.325378337484047,3,6,1
327,19,0.3349317314119214,0.02785684627417604,157.5057326139317,7,73.12764167717434,12,3,1
150,12,0.08983020017163015,0.02760659630504035,7.197821143106502,1,142.6782023877254,20,5,0
868,19,0.06583828189218373,0.0116521004509347,2.5723527145535967,0,79.10384083673443,7,1,0
696,18,0.14744449586744465,0.135047631002945,4.0778447056079,2,159.503848934001,16,2,0
1211,2,0.11246556245281131,0.17302418525173763,6.607965275501451,0,93.13385071903616,15,5,0
175,4,0.02108672334877413,0.41313258229086897,3.7357889995719056,2,19.203240259037905,13,3,0
20,18,0.5854903794925883,0.4707197603843155,12.050035115255636,1,1.147122803448624,14,1,1
178,17,0.5444841559833872,0.5546471806242711,5.307279074283702,2,26.539104820820217,16,0,1
219,15,0.3114683781349821,0.04212219010010179,6.82779667134587,0,87.20622187496267,16,0,0
1534,3,0.15882667667349024,0.06461357174529066,9.949076723053732,2,28.608243318984854,12,4,0
1405,18,0.0307030140303076,0.029955633798408883,3.1593452154574666,0,129.54293304482644,15,6,0
1660,7,0.02854545898477835,0.18594127637468177,1.0007220462315352,2,119.94612592205242,12,5,0
731,7,0.17198049605704813,0.0681082528550399,3.056116423818661,0,97.06778766154832,14,2,0
971,13,0.12048984862862558,0.007485599947428424,4.082539405731563,1,88.43080358715096,15,6,0
5,19,0.8562443922556291,0.47794435826154336,0.9255300662066133,0,0.13237050015675916,23,6,1
502,12,0.07375385564601723,0.02382604380993322,2.9709911205270663,1,48.6500802690948,15,3,0
1157,4,0.0880527347443156,0.1031029564712897,1.1943766083991416,0,81.98063656256473,18,0,0
671,9,0.14786092468766082,0.047078182551497934,7.754324038920377,0,110.23263033847073,12,5,0
1117,3,0.027566121993864035,0.10039714194207429,3.381253189423938,1,71.59392803095461,9,4,0
533,3,0.0828199020529835,0.30060208725255894,10.224823064573195,2,99.20093689087338,9,0,0
969,6,0.20150300847871766,0.3583434956951732,2.87282676508234,0,128.87719812158656,15,0,0
1728,6,0.11032548491224642,0.14176470684334397,5.672270403491345,1,91.66836899574054,21,1,0
1742,12,0.20490176384421407,0.030446571010002074,1.500781843460159,2,126.93039929360525,18,2,0
1090,11,0.13463939358481558,0.038500413621937214,5.543851331751083,2,102.54026127232832,12,3,0
185,18,0.29512929281724226,0.25161062830100006,7.2390266144718325,1,47.09030976380983,18,1,0
762,13,0.4043920429107875,0.19148974245167152,3.900796522871619,0,178.61453039725407,21,6,0
1533,8,0.33119974118856776,0.0969416491322811,2.4202319676203436,0,87.27402487897979,20,6,0
258,13,0.17125027466207757,0.09599477714528946,66.34518773285475,6,42.88497381795118,7,2,1
1299,8,0.3506655088922155,0.1920910446972223,2.8387091931930617,1,54.58261523928734,10,2,0
41,14,0.19884531467636984,0.07091319322802833,60.7028808934529,11,31.149840418130516,9,4,1
563,7,0.1562106597010267,0.08775984619974243,7.2034403064445875,1,141.4332055391949,11,1,0
920,3,0.2082561322527867,0.05083611603040281,1.8215467362002054,2,51.72333694210097,10,4,0
1224,10,0.10340530025009446,0.08679159252480209,4.823462699549599,1,115.4257723179339,20,6,0
1268,11,0.029532062848259134,0.08591581470441634,6.097973648152301,0,240.9701072965308,10,6,0
196,12,0.010562050174150916,0.009838181944912414,80.01832938762945,12,66.21792746851563,10,1,1
1654,5,0.08891578193312431,0.22315528689026282,0.6287533508945309,1,49.98252652570236,21,5,0
15,15,0.6599513191881675,0.3271107659457098,0.8501358748513508,2,0.39904229821641357,11,5,1
676,11,0.041040384445197316,0.08279516913319206,1.0473923612394118,0,103.93756315598307,7,0,0
38,9,0.06368870549091002,0.021306119525366166,9.667045157956613,1,54.39477974814811,20,4,0
110,10,0.5586970006651493,0.5652510315735844,0.6419761651454643,0,11.118092881164799,6,2,1
1333,18,0.09839455315469228,0.04590576826546373,2.6699578047797297,2,156.46940245469156,10,0,0
447,1,0.007787146592753781,0.034331702958914315,1.110427938020416,1,110.80631227183633,20,6,0
1417,1,0.26333150436719194,0.30602406570205704,3.2768960323975547,2,77.55790645330987,15,5,0
1639,18,0.02277373118878708,0.022429210912895355,5.367122092883804,1,109.0268892785827,19,1,0
821,5,0.13860513089228887,0.008553676336841376,8.846261107299558,0,174.96538346331104,9,6,0
374,17,0.07270687294817076,0.18763543638495933,5.191340098795375,2,109.09487078031424,15,1,0
1151,6,0.06926824638240996,0.12968281399010342,0.7494914357665794,2,163.15412908988458,20,3,0
683,3,0.3103979330666497,0.02497416181520907,0.054102783795152765,1,161.70739379055388,10,6,0
896,18,0.3012050693808844,0.21587961125941577,0.2912117488535605,0,68.41955034590015,14,2,0
942,13,0.16706694283600707,0.011445933461705917,1.3818869159697513,1,64.25887075153719,11,5,0
288,15,0.0691240326849904,0.007592223855099731,6.38177511087321,0,53.16772421294939,11,0,0
313,19,0.22588522192597468,0.15617584697749712,2.985511651378532,0,98.5754731280631,13,4,0
126,16,0.5997336559474865,0.5819346789390322,0.23984244256805606,0,11.696217124431982,11,3,1
287,8,0.48755466932464475,0.7768934130034821,4.780135928355102,2,19.191982449744923,13,0,1
979,9,0.008354408052495462,0.07403948892705459,3.136917250295565,2,154.64288438825074,16,2,0
1454,15,0.03991909502400279,0.16261016630143138,2.3604747703195055,2,76.30550240293903,8,5,0
478,15,0.051619272824305,0.06381623036780651,4.479497850949636,2,110.21549596218044,19,3,0
505,15,0.2881956724760491,0.06980735010219538,8.870009141069362,0,46.97997560756935,20,6,0
34,19,0.806107943575767,0.8344142510158471,1.052717003080156,0,5.157783298108377,1,6,1
555,4,0.052001938255027184,0.17166674887969474,3.679852295397275,2,91.7115271343588,14,5,0
99,13,0.26955349534570583,0.09657622022308952,34.090076990416364,5,35.80685763561481,13,4,1
1475,16,0.11919053425820035,0.05811798540195174,10.428087617610526,2,88.8128044312835,10,1,0
658,2,0.13445383873428113,0.24227338159889122,4.802843945581428,0,22.40586684758253,18,0,0
793,15,0.06402439779913652,0.005266754311574053,5.085030163974339,1,49.790477817770736,20,5,0
583,3,0.42568684003856583,0.08291379954082138,4.534188063026432,1,67.05779385242215,15,2,0
139,3,0.016994641247806086,0.05853001396161798,7.113278661871577,0,90.87904664073527,11,5,0
1787,16,0.5409899781844165,0.11091768987190626,5.188866882515842,1,88.89094119605078,12,5,0
418,19,0.1476629599259386,0.06180955201869625,81.51654055735412,13,25.063338901862434,18,4,1
826,14,0.33984778986179953,0.2623735103092445,11.071684630008244,0,34.14250760898428,8,4,0
446,11,0.3449461952505802,0.2794807783793898,72.54913004211937,8,45.347668360633946,12,1,1
5,15,0.6308110173272219,0.36967434260656545,1.0534894005686166,2,0.8874051926460009,0,0,1
220,13,0.40239218324422293,0.010178391469732678,8.266801250740825,2,78.0505103343417,15,4,0
1666,9,0.41017664284367444,0.06323388730772168,4.407665012481658,2,131.076235421508,8,2,0
383,19,0.03131759633346883,0.011956669110740756,52.634252852646284,7,56.44247689226463,21,1,1
116,5,0.005007703513095285,0.038638468293617306,7.108856016528612,0,47.02817765801319,14,0,0
710,8,0.05139068700942561,0.18271650944738083,1.1974436376079787,0,130.69465900232862,15,0,0
1745,13,0.07687325683682869,0.03354772115662254,4.0804646856348015,1,129.24019202416423,14,5,0
211,11,0.7505554700607215,0.8033416517750436,3.959938748000783,2,16.028528038769224,14,2,1
599,2,0.25870381792015423,0.18547397614943,6.250541850343163,1,76.74484980725286,15,6,0
1263,15,0.18070774105282295,0.2532525072462133,0.35543896703138605,0,202.69754723119107,21,6,0
1415,10,0.09779105594062175,0.12083333189847371,1.1593046846212505,0,78.32779621230502,20,6,0
1379,15,0.37522454576473985,0.026199670762306938,1.2498581234050226,0,47.346484410657695,15,0,0
1748,17,0.2573405575695696,0.10936286966911392,13.880682198159995,2,60.26305653396078,20,2,0
1447,7,0.25250650050825624,0.03247959347512654,1.486038301052822,1,168.11473446140513,7,6,0
1081,13,0.11549403008634607,0.07951760256964703,11.08293140554128,1,51.940665536386405,20,6,0
1328,11,0.08755154525997658,0.07000699459301865,2.250054726463334,2,90.8133138884213,21,3,0
242,15,0.023974882225640887,0.008470237794528065,1.293185135227616,1,158.45480028978966,7,0,0
1342,16,0.23298108642187357,0.021191388017454443,12.689398710912515,1,68.02786271134181,14,6,0
686,10,0.22498539563829648,0.01750512601737267,2.140358086051863,1,94.51595780395465,11,3,0
715,12,0.05441102635578545,0.08776551607476805,2.1412408480970018,0,127.67066517436575,18,0,0
119,13,0.02964362376331368,0.031913793250553706,0.8792137910028269,0,46.791070140599075,10,2,0
58,18,0.7697056526880821,0.1238569648123764,4.533546429664504,3,1.1544667781971543,5,0,1
969,12,0.2359628983704122,0.07165083435021659,10.398073369755412,0,86.83541218072324,17,1,0
1,18,0.7346110467035049,0.3269075995539208,3.325883658170896,3,0.16881559839815663,23,5,1
1785,8,0.16191590883294532,0.011360822538886827,4.461721878635822,0,51.447730561797734,13,5,0
760,11,0.007931132654036669,0.0016536809464802575,2.963186377857603,0,136.1101124376703,13,2,0
949,14,0.14736352599471123,0.04203086343595734,9.473527207399336,1,101.25867722914494,20,6,0
187,1,0.21088315939259816,0.003154491439302163,5.405354556932254,1,66.3818596429875,7,5,0
461,10,0.11321032720535273,0.27578689968073944,6.492289708202918,0,119.67755406472604,10,3,0
1678,12,0.28730647346207383,0.016813803172057922,5.9213398863320235,1,54.37006208339538,9,4,0
478,8,0.26249872027488846,0.12031017807469026,2.20828753882757,1,58.54892214599439,21,2,0
35,15,0.9176179296081495,0.656373097514745,8.618286259032107,3,0.7828467829556313,17,6,1
1286,7,0.23191411311982094,0.017350362527828712,3.1650515186890273,2,65.67745271300375,13,1,0
805,17,0.3369170239447391,0.0009707119150702218,2.5456152140876793,1,25.85560882825337,14,5,0
628,8,0.2428875036898377,0.05439831744459231,1.3399423079219874,2,67.86662316944496,18,4,0
1585,9,0.23708879444664763,0.20050297173135748,0.5753975276722842,2,142.52104127356262,9,6,0
442,14,0.31436625687725384,0.400076000282208,7.59898795386507,2,129.2764086442901,17,3,0
805,16,0.1570770041813517,0.21026134277130584,4.920593498088401,2,41.16365132258526,21,4,0
1145,14,0.05385414549578179,0.03637569387869958,2.1820751611900913,2,103.8694407253966,7,2,0
1411,8,0.029939976571096535,0.08195335180219852,3.4443404963725115,1,73.14270382648766,15,3,0
563,5,0.08782613883142745,0.28576185458044945,2.8218857722949737,0,108.4486306188667,17,6,0
272,15,0.15362514122231358,0.10180876703546682,4.243833859365388,1,109.0835346463286,19,5,0
1600,9,0.051543757364868374,0.1742133036478778,12.456315520299004,1,105.11479969627665,20,2,0
1593,14,0.13251201675525623,0.17456551133618045,19.03479384753205,1,171.9554653336038,18,6,0
877,19,0.21243915457055557,0.2590747538009387,4.379627101004217,1,76.37413759559044,18,5,0
1053,18,0.08771215495038782,0.16197107493610305,5.455855401820827,0,91.46308443355979,18,4,0
1034,19,0.27756171592427104,0.22479274514717076,0.7522584921229793,1,66.47723061934077,7,3,0
636,10,0.5019443897879068,0.1145680116744684,2.018875562062305,2,42.27189964042104,11,5,0
48,11,0.07873646943000844,0.2954028003565292,6.109534567717153,2,80.46147423143225,7,6,0
1362,7,0.09639909227025725,0.013684473910781671,9.78348500572844,0,107.43151607177938,16,4,0
995,9,0.274763317274182,0.08496883741134302,4.336458944863091,0,153.70001598195643,11,5,0
553,15,0.3284508758642829,0.020783000505360222,114.81133682167072,11,40.261060732317596,15,4,1
1717,9,0.25022929161928514,0.2185330720157708,22.973791475652824,0,103.49422153526513,12,1,0
1184,1,0.1126402084158472,0.00034719890252287605,1.7573625760648433,0,66.15547450733318,7,0,0
190,13,0.4966886116466829,0.5535346209470572,4.8992062141881325,2,7.540339189001069,17,2,1
1126,8,0.13097680993435465,0.05815637747021132,1.747404591761803,0,194.51936138628312,8,2,0
1729,4,0.026592331287337744,0.11294501395906997,3.065374350520302,2,142.63063761717436,9,5,0
1719,18,0.12013766675023607,0.001333946359218329,2.505505034805089,2,83.83818292304163,10,1,0
138,4,0.15187180026296976,0.05729350253363527,4.984218160363869,0,119.17601144495333,17,5,0
301,7,0.4209134828566528,0.07192589035003036,4.433091732911512,1,100.59450242959551,12,6,0
551,16,0.07932283397836225,0.38201960585915085,3.26848307894944,0,108.99679316310419,13,3,0
782,7,0.028058772533368623,0.058162303122832,4.884813506126779,0,95.98842675988095,17,3,0
18,19,0.4208495668343539,0.33119739252291663,15.35732161922773,0,0.36940879648337555,12,1,1
651,17,0.05037819625040187,0.10695965770084342,13.287467893218187,2,133.64892837251674,13,1,0
589,14,0.14373237381117882,0.18388840525383754,7.654021885667374,0,31.45075337026917,14,4,0
1745,19,0.1316044278803174,0.0038190380363530047,8.824523375579455,1,62.38691695807393,21,6,0
442,2,0.18695383961370224,0.21172814569962978,0.5675893401056318,0,134.60571788579705,21,4,0
907,7,0.09332769639203821,0.020212585608524573,7.052218742579361,2,133.81170374707975,13,1,0
86,12,0.32495848427058394,0.8048257499797637,0.9486076647138134,1,24.061410381833813,19,4,1
136,6,0.18533469565138763,0.0755368011809822,3.312616991699422,2,94.0063426627548,19,2,0
12,9,0.5402778989254146,0.6093932101877667,0.06692413021498718,2,21.649247559803058,14,3,1
1770,2,0.009151178152713484,0.017385574315545653,3.1536392200691403,2,93.15593904240389,14,6,0
553,4,0.029704760930025095,0.02378169208797105,6.027084965385321,2,125.18535789117193,19,1,0
1370,11,0.01419235506617325,0.07494651947423789,1.2895643663286254,2,120.70974864573232,9,2,0
923,19,0.331524927517626,0.0464513615796128,2.532397918552624,1,114.70011899786553,14,0,0
1142,18,0.18855570586679152,0.012367262755005305,7.507978337096974,2,221.08208512512263,8,1,0
1012,8,0.1674956151947988,0.11614893171832036,2.513193020700849,2,144.88222510035112,21,2,0
685,13,0.4046738065076232,0.04402925894091725,3.077588919352524,0,51.095928765518714,11,1,0
295,19,0.7409726322304733,0.6982219512490067,12.767063256869925,1,24.67705000076707,4,4,1
1235,10,0.16275650750228868,0.6403652239511853,9.874800940570154,2,81.04691242041832,17,0,0
305,4,0.05020118162270585,0.1434735798680878,3.830065173917155,0,40.350441726250274,8,3,0
24,16,0.49238633784948804,0.41971646137663654,1.0032006799167645,2,0.7464916686434211,4,1,1
151,15,0.6624773590742861,0.6042221911975986,10.660425037275829,1,26.917005138272675,9,4,1
435,10,0.27722900285052343,0.0674732832905099,7.080776389897521,1,142.26620579064232,14,4,0
1008,17,0.06636911343055636,0.41457943042948675,3.372898091140792,2,54.45413665131855,14,6,0
286,15,0.6784543161603892,0.7525395779615908,5.209941777641572,0,9.495989404048448,21,3,1
1414,13,0.21535824795833428,0.06340309398938758,5.554966546872272,1,153.45960487818064,21,0,0
227,2,0.2232022896400826,0.04795083381155585,10.25974594648267,0,56.18122714924306,15,5,0
522,1,0.06104509542597901,0.15164062452655844,11.018874040253735,0,141.13209704617327,9,6,0
301,5,0.05984765545730161,0.24799990433809194,1.0137687856803586,0,106.4368741033384,10,1,0
1778,8,0.041028131846995615,0.1317611605504143,2.882755820769805,2,151.98362955732372,16,0,0
771,12,0.0958965771240294,0.0641342391457254,3.4514658742847764,0,71.69217669983796,7,2,0
173,18,0.737546733064033,0.7170417117629798,0.9131623495839059,2,6.649703335540047,20,3,1
1008,5,0.13964665842410554,0.2604056421599655,4.2199483851088395,2,243.92510371933,19,2,0
22,18,0.3078852040978311,0.5150749590770324,3.8142333072208774,1,1.9077425846892615,4,3,1
1543,2,0.10097527941960603,0.08284671318297882,4.207617249087071,1,72.06553486342929,12,1,0
1624,19,0.053977975746044224,0.02784421345924818,4.46444854897127,1,60.26665511831398,13,1,0
1104,11,0.17469639657817668,0.04550465120365288,4.793014663930264,1,80.55870543107291,18,6,0
301,11,0.03454079730258996,0.05242719237975228,12.347672106152462,2,177.83418312038125,8,0,0
1424,3,0.0751708439785545,0.32732089176176654,1.411588963645038,1,55.27886109701993,21,5,0
1604,1,0.31002161378579296,0.07990131363786253,0.7926797419926817,2,126.56839580665178,14,0,0
1379,8,0.1901310154047854,0.04382357195282955,3.5442752391128733,2,46.39303077984859,18,3,0
147,5,0.21414085644417893,0.01616754410994453,1.777932151820011,2,133.99575174227218,20,3,0
686,4,0.1132886119923146,0.08678741989100343,14.699457944407401,0,62.10454860473227,17,4,0
1204,17,0.15750356153396067,0.2648279664757497,13.253377982775124,2,44.7706653219457,17,1,0
526,17,0.16426330255213403,0.39971317448861565,5.871349103402067,2,196.3074311345133,18,3,0
269,16,0.3947946597184312,0.5933807561164254,3.242401081517871,0,1.502157909587405,13,0,1
69,10,0.05306413881281203,0.25902162794510675,1.9173728267215056,2,50.09328589073431,17,0,0
126,17,0.12880944169369066,0.011937628998146708,35.210091752075755,11,49.66376806806258,11,2,1
39,16,0.010746855775826328,0.09342905220122821,4.9298823993457175,1,38.913183179575526,14,3,0
1229,2,0.09177263390372051,0.019462715613580577,20.591952430248256,2,133.93057649015537,12,2,0
1731,7,0.16390554082870346,0.07118078046922452,5.857892053470886,0,41.59746933431228,15,2,0
538,1,0.43181875778035905,0.16011573380855684,2.7888214591797595,0,119.50768374958037,20,0,0
1298,18,0.2080266670266039,0.41333168237809287,9.423211838309875,1,130.28256155689706,14,4,0
99,18,0.4954187460194848,0.5001475188405311,4.9739003437046145,1,37.165224003863315,18,0,1
599,7,0.13893868848786847,0.005188700559122617,8.598028326288356,2,58.57813354813711,8,3,0
651,11,0.041090097800773266,0.0030178862479575464,2.222430551903874,0,45.13294465795538,7,1,0
600,1,0.18120328067300573,0.2162589521714673,1.100941021854041,0,92.56398745948198,8,5,0
993,11,0.11028377025287397,0.01884108976855345,3.0132457608493763,2,66.08304753215444,21,6,0
471,5,0.20342213988670774,0.07125065970593045,4.182033007230754,2,72.03852421818164,18,4,0
267,5,0.020033238242715516,0.05705219840498502,2.0947015894252394,1,152.30185263714662,14,3,0
380,5,0.0420325433419536,0.07671766977739021,3.3662719213367382,2,58.37362347620569,18,4,0
636,1,0.30792915729160086,0.009067889901170807,6.791262753534432,1,31.40443222233082,9,0,0
1485,19,0.21101445170867544,0.1881506055890174,2.5103757141121767,1,152.31126220426793,12,5,0
1109,19,0.25742488401361546,0.016668607205907158,0.9023906720400697,0,107.11830105262769,18,2,0
588,19,0.19026982369361709,0.1602592672984986,10.06098290515193,2,76.49052965989229,19,1,0
1694,13,0.1689183274576289,0.17507946810155683,7.159397396852299,0,111.31906942954231,13,5,0
193,4,0.34863269663944446,0.41610617211799356,2.346472711570356,1,140.99945892530118,13,6,0
61,4,0.0940280027083257,0.11101215622472846,6.388671664053895,1,149.76241043908908,7,4,0
256,6,0.13239786874576207,0.055237727903582515,9.075873377857022,0,122.71624877967471,7,6,0
234,10,0.1156339686817233,0.061846244378645304,8.256865570672106,0,52.828597888044435,21,3,0
516,12,0.2010740828647354,0.1405897437267295,12.081817041794196,1,82.27284405800114,21,5,0
1098,5,0.1445797622082328,0.08146801313351675,5.438273044246895,0,224.50904394933875,11,5,0
245,2,0.19940535481360377,0.020285212697654133,10.291538169834489,0,131.8034711838425,9,1,0
19,16,0.6121714746226082,0.35546993707021934,0.17156603613120247,1,1.1342350149547384,12,5,1
473,13,0.024124323688815792,0.34003109685571464,13.197545937763845,2,43.422227275707385,9,6,0
1152,15,0.3061113843598177,0.2641704399752337,8.92543408483822,2,41.14333598199675,9,1,0
802,10,0.002412050702166202,0.09860784015222274,6.860997972233082,0,181.24576613774653,17,6,0
1149,3,0.5774176553275443,0.06478881655852443,2.851217637450389,0,76.2374339329993,10,2,0
128,19,0.06842896985457506,0.14041776347931514,6.777069752190545,1,73.91900682352242,18,1,0
1389,10,0.09669902865687373,0.012896506851693953,8.627226169537956,2,50.213381753371934,13,4,0
1684,11,0.040511585668023854,0.08663591634322745,5.966908782068234,0,117.96502468661451,12,5,0
1716,18,0.25435490369730845,0.1210180043606598,3.3214295245362235,1,56.407318116760536,10,5,0
454,16,0.10440259638978786,0.1349234516136833,89.84827793697126,6,30.37049751362624,11,4,1
1199,17,0.023998441821702347,0.14233453015046382,18.17588433533186,0,47.00247337228119,13,0,0
978,8,0.09088262731844327,0.01988878831859494,1.9316551655923109,0,50.031778345860836,15,1,0
1285,18,0.11820312599274196,0.036593383419872616,7.003075920894965,0,87.42503110666512,8,0,0
1167,14,0.21017414322030178,0.1266034812912668,5.235244587357398,1,70.42629072424812,12,2,0
1268,14,0.2628088050538304,0.042684845808792615,1.696223996937909,2,60.012401226126045,13,3,0
498,11,0.30912871369238204,0.21661515634669143,38.24160364052949,7,54.29004075762104,13,3,1
131,4,0.4528769338997211,0.22574598613174732,7.430516443800029,1,67.52747311403441,7,1,0
287,15,0.39976654976167814,0.06715566566097739,41.42483439813327,11,98.04378733749064,13,6,1
218,9,0.2308643604169397,0.08840935943835476,22.652723506035763,1,103.40587047477015,13,0,0
1013,18,0.10510705952716158,0.07981416557633057,16.521148568648574,2,69.82421097893416,10,1,0
1616,15,0.3776726376363368,0.10715075144975554,2.481756852315577,2,32.86033677214764,14,4,0
409,19,0.1915955208794928,0.08591766182818586,5.330311488101551,0,114.5581069184789,17,4,0
894,10,0.3946207345479552,0.04950055461778824,12.041067938985393,2,193.5067682164809,15,3,0
45,19,0.22835577415952707,0.1354319431911824,3.841333619664827,1,184.7843033072586,14,6,0
621,18,0.12286390487040652,0.09164089905674824,4.75125244524391,1,65.21005520613645,16,5,0
1536,15,0.17548690118111093,0.17806254184978493,4.043874167538481,0,76.92649680149005,17,0,0
530,10,0.2376704613986449,0.04773249639908759,121.29676590304702,10,19.93689956952364,17,3,1
384,8,0.34193910750264267,0.2347371679443783,7.440820909530969,1,53.094830419348824,18,6,0
82,15,0.29726201442828704,0.04785589505176785,3.59240332813239,1,119.12046468325981,12,5,0
847,7,0.09608797385562921,0.20440130035353485,3.2066638482931413,1,86.734670007357,19,2,0
611,18,0.2665280754814178,0.14960971191177605,1.5101611377318132,1,85.37866283306853,18,0,0
162,19,0.5091676800140252,0.7917285833901871,0.30043627157687036,0,8.432687635638647,21,1,1
11,15,0.6789933906642514,0.5725413519968642,5.581943243764237,2,0.677142814434149,13,3,1
1478,19,0.15746427763400556,0.1014096228417875,0.36244984030430305,0,74.2178452128282,12,5,0
130,15,0.5134869245596613,0.5379577007308964,3.2232206373824996,0,50.82358905595161,23,4,1
1553,8,0.14004015468292963,0.3679668959716963,2.9060977327769693,2,96.6505998530113,20,3,0
896,5,0.2726289920844979,0.15374512893736594,12.716160322671206,2,147.88906103372878,21,1,0
1617,10,0.06272573411032123,0.04641118347617053,0.260503777351841,1,68.60380278148008,7,2,0
1380,2,0.2093787495681353,0.15241620067986164,2.571689332250501,0,82.28069069363085,20,6,0
315,9,0.11587128613747708,0.17343670146853915,13.55332658765981,0,26.457728292295982,11,6,0
769,8,0.0772520694974374,0.05335979281551282,5.032464646282004,2,104.47400001352419,15,3,0
1141,9,0.12868111322651804,0.03580002757034772,1.1267582765759194,0,56.25067188365744,16,1,0
671,14,0.0618796855158617,0.12118799047915019,4.533498421624762,1,32.40772912928472,7,6,0
352,16,0.5029601380682475,0.40272432892837945,47.11343248878257,8,88.44869046921852,8,4,1
218,7,0.3472640290831103,0.8946209046183984,6.228724229799813,0,24.6973111214838,8,3,1
235,6,0.25508478382380384,0.8334998820960985,5.526606019358256,0,21.036004818138366,0,5,1
223,19,0.2485855872090599,0.11562675896272755,5.5938180394030805,2,126.62505914860549,7,2,0
859,3,0.10060224687107325,0.07993132872841115,10.509205288162997,0,123.77708621876721,13,3,0
1396,1,0.04195464762325576,0.10709566430791141,3.2833776652602165,2,63.791828830440465,20,1,0
239,14,0.041655975752750776,0.12806585332582684,1.6038982930204606,1,171.98042646216805,20,4,0
533,9,0.07649965510225756,0.04734219053721572,7.315438030807444,0,106.45629354759018,8,6,0
296,4,0.250923471262035,0.03409503088401656,1.4325018467774497,1,147.96205987307243,10,3,0
462,16,0.02384377820707691,0.058962285903605235,7.395707857510847,0,116.76116006017848,14,5,0
19,19,0.7607060647900965,0.43033624681757326,11.901905254296217,0,1.780952223252669,15,3,1
461,4,0.3087270524338627,0.31349899154149624,4.836536932172747,1,94.7020624587891,15,4,0
1647,2,0.2718441475478341,0.07478631348226891,4.868952839086852,0,22.927215545821387,20,2,0
754,13,0.025105712813534277,0.18396304900696142,4.38040475886138,1,94.26796787730922,7,5,0
1540,5,0.09387147342922798,0.04253554670315128,2.023085308044656,0,166.42108750450748,15,3,0
1071,15,0.24087771964653745,0.17552852868296964,0.1919890629460698,1,195.634371295974,12,5,0
1453,19,0.1467150477924244,0.2509142659783566,5.5613843215584025,0,117.90300203833219,20,2,0
39,14,0.12770205922002445,0.037407005179594346,11.114343068038252,2,103.47087040840873,21,4,0
1732,1,0.30773016360386,0.01445294519533408,8.058800085324252,0,101.52114412263074,9,5,0
619,13,0.08925496832238945,0.48082379488921345,0.9984302799234602,0,103.31418275390331,8,4,0
827,3,0.2232965937068358,0.07539751482088719,2.288825253020837,1,93.37278997151151,13,2,0
37,19,0.600304194826432,0.17609653930771071,10.775029408363082,1,0.2575365585939621,10,1,1
1058,19,0.15545838486907587,0.06358848666283926,6.09998195953113,0,127.5905979662469,21,1,0
1350,2,0.14667925772726945,0.05971856015275575,8.603380408160886,2,116.02662931557748,12,1,0
248,13,0.5919048285325672,0.4379402330972133,1.8774634216320307,1,9.509909507594822,21,4,1
93,12,0.7024104900565252,0.5271773037534823,1.8141222690084478,1,6.844759268663028,14,0,1
1343,13,0.19319794385790826,0.13168609369202153,1.7034268371878,1,111.92693545499621,20,6,0
1487,6,0.020038401275563764,0.03337270640894645,1.5545833903546875,1,113.35587275868953,15,0,0
1715,17,0.08185809870637917,0.1459039662153817,0.8947916303750046,0,177.7353440245037,17,3,0
86,19,0.27899455312822125,0.0846091071994933,69.39535420287469,7,32.287373146306514,18,0,1
1244,8,0.2674346166661304,0.18907084998666787,6.067452736338318,2,105.39720687372093,15,0,0
25,17,0.7005284289064491,0.4187884381780714,5.959220552763708,2,7.246839384736786,18,4,1
185,14,0.20123509933660885,0.08433704287296648,31.797502526824516,9,65.21822286232774,21,6,1
597,19,0.01902253370563082,0.2577808387280545,5.4157525630620995,2,86.02001483143162,15,1,0
261,11,0.16751948715509038,0.048236597955822844,7.292464391666342,1,37.64898368364221,21,5,0
923,10,0.1629094426915525,0.04494117839076247,8.641675105918985,2,80.1116093863144,14,0,0
259,4,0.05337349195529953,0.20546012441499806,3.1340502274794697,1,44.50336121335188,18,6,0
301,10,0.04259338915933786,0.05732528055823605,9.117470339441892,0,129.6877521823276,15,1,0
234,18,0.5510771541789463,0.5721721935301601,0.902883464571224,0,10.442782630527823,6,2,1
875,3,0.0786354171035347,0.036601941322955696,1.8671355648653007,0,54.91903861186301,10,3,0
1185,12,0.0692010872218958,0.25878696986582417,3.491289351912813,1,87.51040973217393,14,2,0
1544,5,0.05518771623160354,0.26686141822624143,10.92816043350138,1,199.33452350842043,13,0,0
1743,15,0.08123525350597605,0.005130146178301319,3.8250069555285244,0,132.42981068632037,8,3,0
1756,16,0.1970923468530884,0.033577495968069804,0.6940204279380596,0,63.03843688989935,14,6,0
578,18,0.1424511588496309,0.140576956827823,5.224434831054186,2,272.4479377083913,13,2,0
1771,5,0.05871308600063804,0.07594115356354109,3.7448466557069833,1,61.80439745820641,20,4,0
895,16,0.2774446881356529,0.11693483921779481,4.337786837002043,0,47.23566896913933,11,4,0
471,16,0.2489886985451396,0.08749947117552025,5.258583001716778,0,161.7619976027886,17,4,0
363,14,0.31826569324848925,0.0684918028931621,1.6314531993103447,0,88.77443937138715,12,4,0
1645,4,0.42583732620509746,0.1711179263216028,5.824309339176544,0,126.08183144769072,8,1,0
339,4,0.2914967535797823,0.0801988542214742,2.2293970418237,1,82.69037329660519,7,5,0
31,16,0.543044820247444,0.29460243785007867,3.5414459947962302,3,0.1642014488796283,7,2,1
269,11,0.21421795722911555,0.02713302803255671,3.032846537409535,0,123.83062571976726,20,0,0
1009,9,0.2614655300480208,0.1073818674927624,3.499709580979774,2,89.07885282767131,12,5,0
369,17,0.09269268299786881,0.01920705475712345,0.42827107442509266,0,88.08935968569374,7,4,0
1686,9,0.008070973066681801,0.03410647647972211,1.7604792338113517,1,88.88808506954885,19,2,0
1693,7,0.06383305888353313,0.12334694656605465,12.82976023412761,0,146.7155276030022,15,5,0
636,18,0.058666812924700946,0.2106202310999836,1.947861277786665,0,121.01408155796067,9,4,0
478,12,0.10051570611894403,0.02262087827400018,2.271705234519497,2,54.56238388020941,8,0,0
1130,12,0.09780653130097837,0.15650490991254065,2.650740550816923,1,122.8031608703644,14,1,0
1140,17,0.20010612506885106,0.09223460230112417,3.407708578776644,1,75.34266733354976,18,2,0
1349,16,0.44223073934406265,0.16469874363778175,2.58740546844396,0,73.65960502790578,17,3,0
122,14,0.8233343143278374,0.4957383161263454,0.44268615514289134,2,55.73673758573203,6,4,1
728,1,0.0333560902341743,0.05175135452613911,15.324106639893195,1,118.38408221086637,21,5,0
668,3,0.028147763248583566,0.09380564006358076,20.992241967687757,0,19.779634513283277,7,5,0
1014,4,0.15415450769051967,0.23960704366618135,8.43157872195084,2,113.42196302959184,12,3,0
347,15,0.047182683797927755,0.0542998638880111,12.663419333668633,2,139.71897712196014,11,5,0
1792,4,0.0600552935226428,0.08575655777242744,31.731470166052564,2,113.10927643199577,15,0,0
1656,6,0.11466796518723908,0.13681569307211613,5.380321894075405,2,63.20606073369425,17,6,0
22,16,0.8742945871508401,0.1967517967776844,8.348107363655158,3,0.5478615610608084,20,0,1
145,18,0.44499860575035516,0.011519286444104639,9.230862498064134,1,89.09496178399633,14,5,0
148,10,0.15798221031424942,0.12641950326798082,5.213171606802284,2,160.43218661741662,17,1,0
183,17,0.6893155597740757,0.07754114474888403,7.06165198091792,1,90.24866469455861,16,0,0
1577,3,0.0415385401908648,0.08100731489537781,4.878414701353352,1,56.374339318919304,12,1,0
548,11,0.41448531376001235,0.20190526081296134,75.57831785982066,10,78.79196572094898,8,6,1
941,18,0.12948550307215503,0.029418526872406352,1.2866682870550508,1,111.05991172079946,20,5,0
350,17,0.05061972562130719,0.22206476962639218,1.9864123404296739,2,64.54353748053714,17,0,0
231,18,0.12201057921097086,0.14209630476284427,27.369400553513785,11,30.25677755339666,10,3,1
1578,10,0.16252742703672277,0.2851834574136875,0.1455423725297352,1,121.2123116133421,17,2,0
564,12,0.09130844239719793,0.10181830206888466,1.5307395830998645,0,97.88783926785825,13,4,0
292,5,0.5736410046168869,0.670804478613194,2.3311813716840666,1,1.770370112064425,17,5,1
597,15,0.09018915480830017,0.016411477126199402,13.148100192671466,0,52.24890880834235,12,5,0
1398,14,0.11663028173945895,0.06561647096525461,9.151567616131798,0,53.83270444084821,16,5,0
436,6,0.13312549510521046,0.04086172202856222,2.127080142934798,1,61.770326753144474,7,5,0
1791,17,0.042566594619346726,0.047097090935386304,3.355965774505033,1,94.7556233656256,18,3,0
537,18,0.14897943343425174,0.3809451212830206,48.282199036149656,14,91.7743509810647,13,0,1
864,8,0.09184950791519317,0.0032595069099997094,0.44927185169727646,1,73.0322066993215,10,1,0
866,17,0.09607353495003008,0.07658298203402286,3.8388897274169698,2,32.23373781909429,11,0,0
270,18,0.6193731830334421,0.36077053823059274,1.0603580293379655,2,4.642657709916275,18,4,1
1691,12,0.1479258492336591,0.09227842044152973,6.029301608804502,1,34.74643553566958,19,0,0
27,10,0.6561994542323242,0.6810443947966538,0.3476890913769557,1,24.520372244628934,9,2,1
541,4,0.24482391094524794,0.09125643584255873,4.726183053889831,0,131.84807246480122,8,1,0
19,16,0.5333587531888441,0.194492642262,21.457280819592043,3,0.7783320370328064,22,1,1
724,16,0.20667640265148754,0.04940477264664849,1.976392671194654,0,101.87741768879037,9,5,0
50,19,0.7977171225635245,0.22740055739680534,5.928415012345797,2,0.9799696146762158,9,2,1
626,11,0.28659541915669173,0.14557126334945453,6.7189663382181575,0,76.46741673542328,19,0,0
344,4,0.18927184359133992,0.3659866006215381,15.175967449506334,1,115.48073154632834,14,3,0
1310,9,0.04816742595070104,0.0046232539992929625,1.5954562214505996,1,154.05379400359672,21,3,0
1194,16,0.08558456231010234,0.164333411151351,3.9237433286292513,2,109.4662913031479,14,4,0
51,16,0.04146876859040209,0.07908265465508672,0.563166950012886,0,82.1414166654969,13,3,0
907,14,0.25540374387231846,0.18012797175403591,1.8745151898158583,0,194.83607560141695,17,6,0
1795,19,0.17465215314298058,0.17404190708411962,3.9458125869772998,2,117.61000317535257,20,5,0
83,1,0.08417081647349989,0.08615107013288577,18.527449618803267,0,136.12858227635738,13,3,0
772,15,0.16784549999079482,0.07106559190987152,8.033924700409191,2,69.94314981145966,15,5,0
1491,6,0.5009119271264288,0.031474578540669915,7.356504639532085,1,103.53811504587013,8,5,0
1603,14,0.32905828786202657,0.030589132935315008,1.6012049509240014,1,87.70061758377624,10,5,0
1454,17,0.012462818536354087,0.03222823924998532,1.9739962316283275,1,50.8422187866862,20,2,0
618,6,0.07348923258995611,0.25451125654780593,2.851394161151255,0,43.414590057017364,10,3,0
1438,17,0.04864106332687745,0.08850448920617925,2.184481689026132,1,98.19930407408293,14,0,0
866,1,0.05223822998273944,0.16924268550005625,8.774785038658376,1,88.60012249728868,7,5,0
540,16,0.22040147703457122,0.10759019013228178,12.510935271397127,1,101.32147360469386,9,3,0
1346,4,0.16102633312682588,0.17764528270832333,5.118972393835612,2,184.47849272316728,7,5,0
997,16,0.23522617100232657,0.22822735527383564,4.68854055310524,2,39.19292592895037,10,5,0
1337,17,0.0986566829059949,0.19548725169726625,1.525276852960058,0,115.64306047224602,10,5,0
1185,4,0.2652663724192671,0.15295023072273267,0.8458662043546462,2,119.60312403313289,16,6,0
216,2,0.0996440174223871,0.40460702131913234,8.760206983043592,1,137.5243409533257,13,4,0
126,18,0.03043804973819545,0.12207587235632786,9.174282092836798,0,180.77916215459896,20,2,0
1071,19,0.4714632782221215,0.13283468354077155,9.640783273247461,1,78.88166961513745,9,4,0
222,17,0.09267298050827492,0.12024561885718839,10.94270900686968,2,92.58706356015591,12,4,0
569,19,0.07463322681676589,0.26173937559279015,110.92731482737122,12,18.9415610135915,8,3,1
1346,17,0.05019982224151517,0.20550787488390296,15.187092076374313,1,110.59639176417014,7,0,0
336,3,0.11247190513711193,0.00966301472132689,10.480673218174315,0,46.843890883435876,19,2,0
1338,18,0.045803578052101,0.15072259088638978,1.8209546592925416,1,67.26029044589293,15,4,0
488,17,0.13548272706698525,0.0208560179036109,3.1234927286541154,1,98.0276704002898,17,2,0
899,2,0.19222145506026544,0.2570954393912882,7.674789183121572,0,109.51315531474201,21,1,0
1763,6,0.1695809683912817,0.011244964342924386,0.21375298816192134,1,158.77293849584913,20,1,0
912,4,0.03201927432760149,0.09457168295083462,4.885784823078729,1,151.60640622080206,10,6,0
1239,18,0.14016619029091848,0.10210684270006445,2.715500494719405,1,120.81100984770745,18,0,0
1407,12,0.22195420099641322,0.2010075968591659,1.949206373146116,2,138.1147323683328,21,0,0
1444,19,0.09136537432467125,0.010021126080490612,4.301936078007809,1,145.64635298840045,7,0,0
529,12,0.09338060089723439,0.06899394740169044,18.063773079992117,2,91.39680254381503,16,0,0
1772,6,0.11010768626896601,0.1389530195150178,4.7189051585946435,1,83.14693130392138,9,5,0
241,15,0.1589319343076769,0.016668800559622107,2.7202967713396053,1,70.21722875488246,18,3,0
50,16,0.6779378248109773,0.5914361570546447,7.861341202651694,2,1.5148324634289778,12,5,1
1264,5,0.08529223603026362,0.09590951510914675,0.7172080730055791,2,222.9171893961242,20,0,0
21,19,0.8546355875900189,0.5117877985970469,3.7496585081223692,2,0.3434675264943602,1,3,1
1772,12,0.1970144533924187,0.11237718566103361,2.9679705025651137,0,129.1997344476605,13,1,0
48,11,0.7520062093405199,0.5918109431800128,5.421830138211569,2,32.350942712074435,20,2,1
31,13,0.6274501384648342,0.6589635780249425,0.6473607465499285,0,14.245429023354417,8,6,1
1125,9,0.5202387442431372,0.02765823660882004,5.319422123180022,0,78.54390516586074,19,5,0
808,9,0.15400383423335862,0.015212359521702194,7.465424873430405,1,155.9086470106717,16,2,0
235,19,0.7886493312646202,0.8261171415437113,1.7430045489085253,2,42.78928524981942,22,6,1
1794,5,0.36962917162598535,0.010737480482015116,13.120192770164516,1,33.00173353383661,8,0,0
570,5,0.11170273172575698,0.0055136532451859534,0.9015334171098641,1,86.32464513949697,21,6,0
244,4,0.07751263313404562,0.0748809610917855,5.8395515173693155,1,49.79949719642448,8,5,0
527,10,0.07453707254414026,0.12284356875432947,1.2740214221006325,1,220.64921849278585,18,6,0
469,13,0.1161990303521983,0.028426024265840243,4.1591970135014735,1,112.28529615328016,21,0,0
1372,11,0.3479837014170909,0.08453794082790296,1.8554611308195808,0,140.13510479238275,7,3,0
468,19,0.01723050585709276,0.09230747829378654,2.4522375329074335,1,150.4083484274415,13,0,0
1159,8,0.1374836566592615,0.06701301363840649,0.30250503753274305,0,106.33096625674438,18,3,0
446,11,0.33041457795917983,0.23643969682240637,11.826277359617254,1,91.97183712274051,17,0,0
1411,17,0.32741848660532197,0.11912638968244273,0.5630132618971805,0,113.6528393727622,7,3,0
229,11,0.02766918990479898,0.10667814143822064,10.707623503462854,2,105.46570940792974,16,5,0
338,10,0.10752736217103258,0.03435355691133053,2.269215138220936,0,113.67796946269401,21,0,0
821,13,0.05512970546831642,0.181117170006338,3.2496588648869307,2,174.28325881924295,16,1,0
1342,18,0.18561061987766855,0.14826285071157363,8.74376201443512,1,86.8118170439995,13,3,0
450,15,0.3011313492340323,0.05029118070820121,3.5703440931324146,1,246.31631507680515,8,0,0
1659,16,0.020003383587561926,0.09261852010452137,13.381758745791693,1,85.48155105757063,12,0,0
1321,17,0.2937225460021561,0.12590079157420445,10.866838749615173,0,82.67188425631765,18,5,0
354,8,0.21503909835063306,0.08403067389890777,11.758877081281055,0,140.18212236531093,19,5,0
225,16,0.24384330184036493,0.08280951887230163,7.256710008372374,1,60.57628136556989,13,0,0
733,19,0.10298524397765502,0.07433870703527103,4.19881666772891,2,93.03702709843849,18,6,0
1500,16,0.02033100691862452,0.10883585436320774,8.258817818101354,2,101.36622990934595,11,4,0
441,3,0.11392935113999235,0.11775379590025288,2.7860369700875607,2,70.27003437332154,15,3,0
457,13,0.2517180572307705,0.15849048312825276,63.36065838224583,5,30.403763913432012,10,0,1
1501,2,0.5772074423408275,0.07592285489606883,7.582918682291974,1,65.66843017089094,11,2,0
18,18,0.6974649092585256,0.417971649788606,7.802907706414306,2,1.9135553938062142,16,4,1
331,19,0.24329289876521534,0.1586641121691634,2.2182174743818766,1,101.72510832998356,18,5,0
1484,9,0.074696951014882,0.039268885143672425,4.871823906950897,2,79.40919899632077,14,2,0
1133,11,0.08715635368180207,0.11868664614430405,6.416883125502316,2,190.5928477368215,7,4,0
1225,1,0.07479545926406313,0.04737983477392409,4.4646916918476505,2,125.85423164535776,13,2,0
397,10,0.034106078810233705,0.041374221598370106,1.3024262545295922,2,66.75713353955896,10,6,0
1585,17,0.32585914981818287,0.11647224906215763,4.0846445334388415,2,160.4403041934127,15,0,0
981,12,0.29098435870497735,0.07952111347301578,14.591429456303356,1,119.30506111406049,12,1,0
567,19,0.11012398132612464,0.020895769216316362,25.484167236795102,0,86.60753489039222,13,4,0
112,13,0.11675352028665065,0.13241307220513843,3.066291798363091,0,40.76066283042373,21,1,0
1522,14,0.055446444975536795,0.06797457775052797,3.5824211505452515,1,233.39903956552132,20,6,0
1411,1,0.0015381825445573982,0.09064480999148965,2.5916590920190967,1,183.25485228571074,17,5,0
1439,3,0.30687312475089246,0.05354041487716372,13.077231399147434,1,153.61012464919386,12,5,0
861,8,0.1393035535757853,0.011029351157073168,12.485821708510928,1,132.35421972662874,21,3,0
158,6,0.16498959717829603,0.15357072508842504,6.56218914214697,2,120.79621975807356,17,3,0
49,15,0.37229870207419985,0.2567418745798186,0.0837743112923338,1,0.5177779445899531,14,4,1
814,6,0.2397993485343105,0.11333177669984303,5.370074857726961,0,151.7456033808486,11,1,0
220,16,0.08221255445800049,0.14082191316371526,93.14502980854012,11,21.743744475351154,8,1,1
26,19,0.4795738351917623,0.10157341121443308,9.743071184319822,0,0.3826751522245295,21,3,1
1093,11,0.041372894464404925,0.024049064376437713,6.324048132577177,1,33.58265483422623,15,0,0
48,15,0.753230589446069,0.38213522157507146,0.9335482320444761,1,1.5940850623268334,6,4,1
1790,1,0.20156750287175282,0.11941853324721512,1.6866390075475868,0,48.161606242706014,8,2,0
226,3,0.36819029982268525,0.014488433473135316,8.230372292445669,0,228.4232544080245,18,2,0
1262,13,0.3000186062525243,0.0713911249394755,5.168594379831658,2,77.08077795334302,21,6,0
1116,2,0.07088175363483792,0.25892253216997185,4.6071029551647635,0,162.8761681788143,21,4,0
452,19,0.04073713883259636,0.1195007700176171,19.189563217247358,2,135.6905697490831,21,3,0
1671,11,0.17618811935219655,0.294506707803346,3.269522971371236,1,126.23566959208289,20,0,0
217,16,0.12491080344561982,0.1829489476236396,2.54043533767075,1,78.34945293546212,21,5,0
1360,17,0.0628650173304353,0.0170699319445615,5.61222280402388,2,112.26395860371724,20,4,0
1310,4,0.430883454913696,0.237139633463178,0.6440503037838736,0,135.64909177709447,21,2,0
657,5,0.06277256097297407,0.03331670254836744,5.254538312568379,1,114.55679518107928,15,5,0
582,2,0.2926325761684957,0.09364443667805539,7.616417479449888,0,63.03392531430249,19,6,0
1002,15,0.0201414200466867,0.09507140717054653,2.1376763110391734,2,144.5858821817561,20,5,0
792,14,0.17393280028124877,0.3319188026386109,7.355026834265919,0,94.6309996421062,8,5,0
1029,6,0.24680381133815654,0.20583101580557134,15.658960083366704,2,78.88516681927814,13,4,0
1594,6,0.056535268376258836,0.3375162782414133,4.450054239189062,0,68.63926160997201,20,3,0
1217,8,0.1947008372147007,0.01891065131675878,8.82930185361104,1,151.19420614166503,13,6,0
554,13,0.03761159136903051,0.03381321211280574,40.353507027603285,10,22.69736266727075,15,3,1
1704,5,0.11787589622635408,0.03926167100003204,2.216573930234905,2,174.0867539213216,17,4,0
64,8,0.08479110556133718,0.15163337492953718,3.776647497771868,0,81.04555835936226,21,2,0
1313,16,0.14917476581724787,0.06325115975401371,9.51479994350444,2,88.15366249567052,11,4,0
213,6,0.1253108511681719,0.08349270333841716,14.866809616348043,2,69.20324631790888,16,0,0
150,11,0.7432522017746213,0.860072169242555,1.1964357401882,0,14.469357980373053,1,5,1
268,18,0.4933423627406709,0.0013194709791170386,100.64690106295134,7,43.01393885620266,19,6,1
144,11,0.462836380894248,0.014173618477061289,81.5623464967665,8,35.03901348553551,16,5,1
4,19,0.5810972330641624,0.5574247843442667,1.9160753075090824,1,0.5671579273601008,22,6,1
927,1,0.132706221632731,0.08932585844488318,1.270957707665194,2,76.6088779792719,18,6,0
1546,1,0.32511184375326707,0.1541470946180967,8.516574490989141,0,54.640590909966264,18,5,0
49,13,0.2392188554698722,0.02225559515882744,130.3879219650416,13,31.501065228804684,9,4,1
133,3,0.21164141846290108,0.04792425502820185,5.919015377879519,1,110.51612729534509,10,0,0
920,19,0.18215088097381754,0.07534065311731161,1.946713636360786,2,97.8274881467213,19,4,0
1136,9,0.14979605920656616,0.012193169818712235,3.4699299725062707,2,157.11132030000496,12,0,0
1122,19,0.38459420442050724,0.07952196670182893,2.8817676261135934,0,183.05268880758814,19,3,0
314,13,0.04685094005328956,0.03743112054811919,61.353979746971305,6,73.85659552518047,16,2,1
1648,3,0.11290126916803167,0.09565862198325682,17.074316315123216,1,198.23086730850963,18,6,0
532,10,0.19836867813384215,0.08658931974901503,46.51671561410831,11,48.699610747497935,7,3,1
1436,16,0.10936764396932688,0.0691500548961546,5.743583425889668,2,54.28127232095071,20,1,0
54,18,0.5565701623869619,0.509574549357167,3.12529159773417,3,1.4119739154095006,20,0,1
456,5,0.07894430290503679,0.06158716754336469,0.6928110118787766,2,24.270504996654925,12,0,0
130,13,0.23821525455762868,0.23629688156390527,6.270022528262199,2,136.80010183758978,12,0,0
8,19,0.8052507366626299,0.6114437216662761,3.9446182090887785,3,1.1490533259293687,4,3,1
3,17,0.9452018253625295,0.2634915023346357,5.980954363216803,2,1.3025338085910583,7,2,1
1352,1,0.12039855779077739,0.08549890946161606,4.830196832807317,2,55.88071489529852,12,5,0
1527,11,0.23491922330768938,0.06659477990372702,2.411708659117408,2,92.16189114964814,7,6,0
1650,4,0.048472227422255175,0.004169096258788341,10.6291693089629,0,92.52470037129021,9,1,0
370,18,0.2658468073876096,0.1435710559886363,6.829439231061529,2,142.32516800588405,11,3,0
179,18,0.10331221877340033,0.13612021831956783,7.3309247703635485,1,172.4922994575888,17,0,0
59,11,0.9213562727090682,0.4843495268608538,7.245201627280258,0,23.11618619329712,23,4,1
402,3,0.0656065298408319,0.4166631236092459,8.666477473232975,1,66.55069019052202,9,4,0
1505,8,0.5045220221195937,0.0043275448535679195,7.612088372830377,0,85.85071275680568,7,1,0
522,15,0.31251733695915124,0.03789585228868554,3.0153580875679795,0,120.35255579409166,16,2,0
4,15,0.6063625715617224,0.5818470180343076,2.195848144485353,3,0.7080292486092867,2,6,1
836,8,0.05339711279514709,0.07818864027194986,16.933240182790133,0,131.74803840001607,10,0,0
946,6,0.03301997174800237,0.2104801464201561,2.8857565518928343,2,101.13749651576623,21,5,0
551,10,0.10564063005227346,0.05324099410574214,38.74237630399041,12,12.046995989544957,12,4,1
1627,6,0.040630658111569753,0.008024324147655304,5.966119283391741,0,29.682935868422497,14,3,0
71,6,0.8641375013020053,0.6941024085877908,5.5274740509532005,1,7.893041925391252,19,4,1
485,5,0.07774943194354728,0.0487584467468762,10.741384594694454,0,70.205947697942,8,6,0
244,19,0.22233798923842,0.07074295464598886,84.85919723766233,10,70.23150120362031,16,6,1
1308,8,0.3935813334876039,0.052672831005110506,5.101400448771286,0,97.21793884478694,19,4,0
449,12,0.4513905981038226,0.06386561539736402,9.427143514545056,0,79.26157458078916,14,2,0
1516,1,0.011528396117299881,0.012478077968485372,2.584028469012052,1,29.788302059557772,11,3,0
1241,7,0.19547710741912686,0.06784998081241862,1.161853701952089,2,56.24201066968687,21,2,0
274,9,0.6020821437274926,0.6537882421127965,10.382749614867553,1,28.086857769411235,22,0,1
1749,4,0.25910833382738735,0.07784503811809214,3.2727308545862304,2,122.28772556522077,8,3,0
284,7,0.13252005441362083,0.10949411882589472,6.531711966996959,2,78.90942861568702,9,1,0
1431,9,0.33645529253242074,0.06519568385035619,0.4088576516929046,1,55.63650564731194,13,5,0
284,17,0.11144045308162359,0.08153606436857179,13.956611403670784,0,160.30832280321113,11,2,0
298,17,0.3003561572724144,0.05914836151315099,6.0998395134557555,1,196.48417133930906,19,0,0
988,4,0.10068275900905484,0.24631034393386467,4.795971625006327,2,86.67143021284225,17,0,0
391,10,0.19301596212330654,0.10270662036877984,2.920490895125519,2,144.15514331577103,15,6,0
121,2,0.08546438562193077,0.11302652287213624,1.7467168281564511,0,130.80561739684754,18,1,0
1118,3,0.5224998568591708,0.3257296503673072,0.14074295780781462,1,135.6187155360796,19,0,0
499,3,0.5082107618626577,0.053259073717398,8.652802139900121,0,30.497539743501612,7,5,0
14,17,0.5837842477475415,0.29008953912061847,0.892402294568875,3,0.9864121580298875,2,2,1
30,10,0.011510979881458884,0.16989377296720584,17.894383394568685,1,90.17905864693617,9,3,0
35,7,0.13048762603587236,0.20693972458886725,7.6741933325953395,2,112.24073497882479,19,0,0
234,18,0.2404973583953816,0.31931749881695193,58.06985720044116,7,9.270272014629883,11,5,1
343,2,0.06839589193724259,0.3347195667788149,9.104892495066604,0,148.25900157593261,20,6,0
879,2,0.14504558126399458,0.1616149732000487,1.4979429454140312,2,80.48739665767498,19,0,0
815,4,0.41085854925181975,0.1442033637780626,11.59295599343187,2,141.09792167657304,14,4,0
24,17,0.8723048877121713,0.1754785491170633,2.889095853567498,3,1.2542330473843053,1,0,1
621,8,0.13707057988662996,0.08813940357733142,3.7598704878993874,1,48.69089138136533,18,0,0
1541,7,0.1977016318693714,0.03547288747060006,4.2459684400192375,1,71.9923480557276,10,2,0
710,16,0.1323783817719382,0.2505957804557501,2.6766386417467127,2,70.44978799258807,15,4,0
66,7,0.6649616833862936,0.5408115327759454,1.4830676564289391,1,9.036489869219048,6,1,1
74,1,0.18907581708310026,0.06458140040506918,10.145501656524667,2,182.40750783989856,11,6,0
302,17,0.15336406111338674,0.30435983322516014,14.785891435009956,0,85.95722240995245,20,5,0
1071,2,0.009740018130141687,0.12330176305549118,1.1264894566975698,1,68.58144609345763,15,0,0
35,17,0.31923326438886224,0.047602117031473816,13.968544304586063,1,141.28497094541262,16,0,0
589,19,0.22018734347211658,0.059826863490785503,3.0297196664202652,2,26.13157165115077,20,0,0
781,8,0.11070465105528224,0.022040227550462473,7.123882467154878,1,85.96191002158348,19,5,0
1513,14,0.20763797556087085,0.05651901548510039,4.974738446284307,2,85.30862182515673,17,3,0
1268,5,0.16355172378983743,0.03208687506303162,9.417572518795208,1,93.11864821561285,12,4,0
109,2,0.08073096808353628,0.23737603322980583,2.1574562039371648,1,57.97983597295275,8,1,0
867,8,0.18874285242651287,0.0078050365474528855,22.309519826159793,0,112.66897859896942,18,3,0
308,18,0.227296595788246,0.09768309106009057,43.61120896281088,12,36.62417948013289,16,4,1
1031,8,0.09838465899271717,0.028602165899587972,5.9601766362547535,1,112.28194411009333,16,0,0
989,4,0.3709827520727787,0.11429653469593487,0.6663432075167895,1,57.91601572831639,9,0,0
107,6,0.2443192472374606,0.03863114080003968,5.594252651648945,2,85.88152655637727,13,1,0
1669,16,0.1969471035893082,0.025192255572835897,3.4412106812136196,0,59.5370818309771,12,0,0
717,14,0.03932999083828092,0.020244016942604914,4.864295324059977,2,88.79766822037925,7,6,0
492,19,0.12727989390673775,0.18631626029518236,5.829890272467623,1,76.32389025059281,15,0,0
102,18,0.06205402579332457,0.005993192735123973,124.42167077301158,12,8.643460416049267,21,5,1
1408,13,0.34831148624486685,0.12249953443734368,7.307796663478728,1,66.59581679959794,11,0,0
1055,1,0.30770598955754835,0.03916283386219133,0.06020082344777991,0,78.97428764477897,13,4,0
948,11,0.2628502010005298,0.2611212180342993,5.910601415213135,1,48.49786340551846,7,1,0
1505,2,0.14518701845713153,0.036687051456388044,1.402339653380135,2,68.92613457520221,13,3,0
42,18,0.4023392826261918,0.471676490910275,8.312128003151306,2,0.2730432822207506,6,6,1
1138,6,0.18725783391212242,0.022586246618758903,3.9233177875483474,2,91.86184224189725,8,5,0
1303,14,0.18514117447160944,0.16468254449708872,5.189737147102296,1,89.199006012567,10,2,0
1447,8,0.03818043775740155,0.10309970561087782,11.256488340318418,0,63.11273651066698,13,6,0
284,6,0.1796136582720277,0.059973381064676944,6.5846516764317595,2,46.53159380016043,16,1,0
726,13,0.053821439764254124,0.04406945970964761,5.141964957520762,0,97.84399887641585,11,3,0
1256,10,0.059678571764305,0.015704485867497273,6.8964162366263375,0,89.64233203158676,8,6,0
956,4,0.054690107068046,0.11018412821579854,12.085038230026193,2,103.35800822140051,12,1,0
451,10,0.0403149725089457,0.006699301845301875,4.810467205361686,2,257.95124093441893,17,6,0
482,17,0.15416772688875563,0.04602471124110477,55.24951571846081,10,14.174749187856778,9,0,1
1437,8,0.28351747264677246,0.1690212400865325,3.725466946638364,2,149.77272145499336,20,3,0
1264,14,0.14893171543228845,0.012083082950924163,0.947053602246602,2,172.55428914964327,18,4,0
47,15,0.7754089248217404,0.35969706788503475,5.028817325604998,2,0.4585358792407852,3,2,1
1182,18,0.055419736801569405,0.008962109011441743,14.010506485917835,0,63.21991281921793,18,4,0
274,4,0.1575532767418561,0.2517744254033341,8.073964511464728,2,27.42829465189313,12,4,0
1229,2,0.04027036768695204,0.2626985567168501,2.0754211275868917,2,99.07233020237747,16,6,0
1715,9,0.23389850002354437,0.005411577336621554,24.31210890858559,1,107.64018613350088,16,1,0
108,19,0.08406886399087618,0.05933658626100072,1.7108443844085626,2,56.63047584669385,19,0,0
280,14,0.16498535896996755,0.12232953177573129,11.460277372652895,0,83.4691521466455,8,1,0
1732,8,0.15251108589035278,0.09230124314282152,3.2013430946991943,2,29.874492709363246,12,5,0
898,16,0.20954299730276937,0.10155469467117004,12.001830754633765,1,105.28461564447609,15,6,0
1546,13,0.07288594599794068,0.017759773892392666,9.215530072294673,0,222.48684170862845,20,0,0
244,17,0.6052574970481831,0.8629628212147092,2.0988919757749858,0,24.250650281890593,7,0,1
15,17,0.6931505214280475,0.23093177855662445,3.4953587156300086,2,0.7622567588943724,8,5,1
454,16,0.3510718452602555,0.047329072989832306,0.8911590629069376,2,109.46605855503434,11,6,0
168,2,0.08008929929819174,0.019578348172357568,9.361247159374384,2,46.16859381443685,16,0,0
232,10,0.09263822652498378,0.11302632965273182,105.04494064910975,7,43.5399642485984,18,0,1
291,5,0.06125798291755929,0.08524536887960371,24.57189816933338,1,129.86480653103152,9,5,0
1058,3,0.14756353498288854,0.13731061407868753,4.483230419839803,0,111.251668692385,21,0,0
1339,5,0.1856071127174816,0.1251489343528051,4.900836518743523,0,115.31701313009808,8,2,0
152,8,0.6420610878798709,0.562987525460315,2.8296968433510754,2,1.2850472024312853,6,5,1
46,18,0.6419956076596399,0.43251948427746767,8.513065723109817,3,1.3852667982681506,12,6,1
207,17,0.4056803935280644,0.026736574751349967,56.48373612980198,5,61.082123368519504,20,3,1
559,2,0.05960615782755267,0.11563530373446039,3.829243729237408,0,97.99204344239024,14,1,0
1588,9,0.2281323151904598,0.11431491486013166,4.645711844249485,1,114.49670406266324,19,2,0
1440,1,0.05392107510344317,0.07399695963006893,5.716219682057186,2,48.8550883381386,13,5,0
1203,5,0.21819695355765487,0.012737874360634126,8.624693946427582,0,63.07167531118955,8,0,0
1167,13,0.299424900272576,0.019897846466962247,7.062214814024121,1,53.00362116410406,8,5,0
646,14,0.05051895960855092,0.07654007596035786,0.32153599564002305,2,95.32383316579373,15,4,0
1599,19,0.14943364609162643,0.0804030782124335,10.807747529602933,2,76.5286488522325,19,4,0
1541,7,0.18114037386222934,0.18241254131418233,1.91214035752639,0,65.99560506169152,12,4,0
951,7,0.3365330326305384,0.09390350500073,10.144699375564185,2,87.76392258946687,16,5,0
1461,19,0.14310753769402298,0.10992260237031684,5.230037945613605,1,117.30061135607787,9,1,0
294,3,0.16986783428023836,0.03924388625148172,5.617430645042561,2,62.974817764509595,16,0,0
505,2,0.019746646032731296,0.041355471994189076,1.5022077100118045,2,119.12668546419042,16,2,0
1329,3,0.032623260671590576,0.1244374553968579,9.798228528374832,0,167.1275474912457,16,2,0
780,12,0.06602716967020268,0.08759248880391374,1.8500296238985188,1,92.36422207035218,21,5,0
1408,1,0.26009157857679743,0.00670848322814788,3.6579137798191232,0,99.01353036096606,19,6,0
18,15,0.6432892628588953,0.35370794810605233,4.092082502376677,0,0.4266110012282771,2,0,1
542,15,0.06906322965726336,0.05730596080968313,10.835068844495584,2,97.26470593910824,8,1,0
227,17,0.6788635519371317,0.7005265318522164,0.7556023409303007,2,11.036740779500596,21,6,1
41,2,0.24208326179563952,0.1032689722790502,8.518723406399983,1,82.76150909566924,17,1,0
251,16,0.6855643517129649,0.22472827389748914,15.807881746457582,0,2.4516514687843185,11,5,1
724,15,0.13459210426478885,0.13654419823434116,7.4225296397272125,2,36.2222121150506,21,6,0
223,2,0.028871591270738912,0.2722480940219381,1.246093100966879,2,181.7747758715228,8,4,0
46,15,0.5140564969242886,0.21623332994495803,4.056183493773554,0,0.5957647618280737,2,5,1
554,9,0.03559656420790063,0.06526989716899699,4.738412722858723,2,74.94318632181259,19,3,0
1305,14,0.16563414635594512,0.12943756745475213,3.2442726480759845,2,36.877158913675665,16,1,0
1426,4,0.08852502496653233,0.042451242798579716,3.8583360962730535,0,93.5096242346254,8,0,0
1332,18,0.0845476443096486,0.4647102707910831,5.069963770537983,1,79.85507384736053,9,4,0
4,19,0.4776659788176345,0.5836312206858323,7.70310918539658,2,0.2793264983437663,16,1,1
1386,3,0.2148554305726593,0.32320674141081857,4.989330840783766,0,122.07794135193062,17,5,0
1692,19,0.2297239429412071,0.03224904459474592,3.3728267358351207,1,73.27205127290148,7,1,0
1241,9,0.03843912124281353,0.07468838136451275,0.8798957357921535,2,66.80202844407951,20,3,0
81,18,0.6372004677821236,0.4326775482419514,8.597803623921411,0,14.028942221476102,16,2,1
1401,3,0.0677635488677266,0.22763064057683347,7.905649995082749,1,72.15545216776293,15,2,0
555,3,0.1867975401611014,0.15311821482178936,1.7949028082970722,0,46.27247573175385,18,3,0
44,11,0.18684424216128143,0.07154798433073822,2.683832391835894,1,79.86322983622645,14,1,0
1307,7,0.10847490798404702,0.06651373532427161,13.639434476695602,2,79.50622274569358,15,6,0
448,7,0.19284044331584901,0.0788279272188167,12.241691549433199,2,67.8169470395717,17,4,0
1409,7,0.24757770755515307,0.030920048854853915,1.6594565042719118,1,65.98512463918934,18,2,0
25,8,0.6118418318081007,0.42258193715026443,2.1920455969695096,2,25.967155178799782,22,4,1
125,16,0.6689822708447789,0.4804917564892384,1.5345219580119953,2,16.20457481601173,2,5,1
1374,9,0.12590029805842604,0.0766586508216077,9.690663983926246,0,53.386922095985206,11,5,0
56,19,0.30506601044330184,0.46707251941750605,8.69511805350882,0,0.9703019375709461,4,3,1
871,17,0.18335892629821002,0.11918422978666204,0.9854114394575126,2,83.85281518811203,17,0,0
41,5,0.6460117722769609,0.5927411368442232,5.9317171109431195,2,13.63465167660843,16,6,1
117,19,0.17045839368899307,0.009779029763514557,7.28902867208977,1,75.03827637666015,9,6,0
181,16,0.6538485061453069,0.8096372674247283,5.2368178391615,1,30.29364539088482,8,5,1
1366,10,0.05262445875423183,0.058635361596459,7.61070462948205,0,43.35010596921839,15,3,0
1652,3,0.05403453095760868,0.07140776278348125,3.0073577534011013,1,183.65498419668336,16,0,0
1338,15,0.2259105351523955,0.06710459805917471,15.359055619386174,1,17.727945801669243,18,5,0
1155,17,0.16131694370683097,0.2574235612334045,6.891692103315241,2,93.17857134937263,10,6,0
408,13,0.3213887579367189,0.1876366275140192,67.67821666523626,12,23.470216822400822,9,5,1
1709,4,0.15079043849338777,0.011632595866320245,3.008693208795806,2,49.7340089176518,17,0,0
103,2,0.3797024312019171,0.043083392336555885,5.585305393550076,1,83.37745445296963,11,1,0
6,18,0.6571841709666006,0.46166445622856345,7.119808211660695,2,0.9085924296611644,5,0,1
190,7,0.09780911402813547,0.36987228517347587,5.801304319180051,2,103.70877511748373,8,4,0
1323,12,0.16506017905198336,0.008520574402881903,8.094810852967308,0,85.88440055540595,12,6,0
1317,2,0.0492668363752126,0.2744850942278961,7.693436307542275,1,213.535209182732,9,6,0
448,4,0.3021233761746042,0.12999919093899934,14.981529598451754,0,57.21865034658557,16,3,0
1070,4,0.050603912454760494,0.040723909439615645,6.339644434779893,0,62.15728765495595,16,3,0
42,14,0.7194438405476611,0.7088831751215852,2.65250468237478,2,15.895741980414865,15,0,1
121,18,0.7193028738601631,0.8532783593575467,16.093363488729434,0,37.7744948060563,17,1,1
234,11,0.6528294027858178,0.6419310177635089,1.7169827433506635,0,22.060233962229837,17,4,1
725,15,0.04510718656570055,0.04559775886729427,2.2218047296281918,1,150.36536631065817,10,5,0
621,6,0.11455539046043936,0.013933850310163923,25.072079761433567,0,25.351375996882815,12,3,0
194,14,0.1633631409360706,0.0503619203581578,79.4552764495604,6,11.616752396720706,15,4,1
93,3,0.13326307707795382,0.3753852668460733,0.8412441456611525,2,111.2037574574396,13,1,0
9,18,0.6321626118238102,0.2544229300823426,1.8325432951902396,0,0.4708582438747707,17,3,1
1798,9,0.24156160426509768,0.31384650536148384,10.36943746755945,0,152.8119677820723,20,6,0
85,5,0.7130401400530652,0.4924721904099121,8.029182998796315,2,18.486595862777047,3,1,1
1486,10,0.10805117728044061,0.12650012012388961,7.5222467815493355,0,52.95199915525207,10,4,0
292,11,0.0508653574455144,0.016203827085521927,0.9625022125913528,0,69.25358713988442,17,6,0
1355,16,0.17248335547058774,0.017790058278463184,7.603185059627655,0,80.41308999260664,18,0,0
1069,14,0.05563228529685848,0.025382451954695042,0.9121357872960582,2,46.663676363854016,18,0,0
296,16,0.42164631217817833,0.7213352449629611,1.6924350123426914,0,10.42950260956988,20,0,1
1688,18,0.28217255540225555,0.012903461537805588,2.4247536948223667,1,137.61004365877784,15,6,0
464,18,0.32276160492978256,0.06208859393958767,11.602549514769334,0,24.207355034302353,14,1,0
1071,12,0.11859112005745895,0.1561189758166568,5.044878004979103,0,44.326504040207496,9,1,0
574,15,0.14260437902493195,0.23236402992795735,19.412466006475494,2,88.0666989633362,19,0,0
1648,14,0.09883425750747174,0.05493966918290115,4.386018442823411,1,91.92522356982144,11,1,0
1412,13,0.31035059009760935,0.04589021146062799,10.30589150511934,1,167.35287773925006,20,3,0
420,15,0.07877327323222168,0.010151246093235712,46.17033921210131,5,28.693054842973318,20,6,1
1335,15,0.05560729715982524,0.1214747558471006,6.674272945775083,0,151.0244714634226,10,0,0
124,17,0.10234812672121249,0.09293112994030854,52.92935204109769,12,75.7465323316702,8,4,1
1434,10,0.1754831011804144,0.02665726282118377,2.9160156909950192,1,76.3384383127979,13,0,0
101,19,0.273755637581912,0.11873021274013172,5.288045797307615,2,110.11720341082844,13,0,0
1073,9,0.0358187280468388,0.013486288355816115,2.77179850583467,1,83.91204639343351,19,0,0
137,5,0.015515695896991448,0.032151769456339206,7.3413957671659364,1,116.64993694855276,17,2,0
1178,19,0.2944152523144718,0.09751461698141244,6.036115664850937,2,166.7096340444456,10,3,0
1483,6,0.3278176100218978,0.12492163607081525,13.096168655040318,0,112.93379846069502,17,5,0
32,19,0.6917655652166369,0.34282668721307585,19.039237167846633,2,1.6048437163989815,22,5,1
344,7,0.16571321809195408,0.004576091343663089,6.99743744996843,0,117.79839051021959,17,1,0
374,15,0.034918005984604275,0.1188545139894984,2.6965605050537307,1,125.07135717027387,14,1,0
1571,1,0.036360100493707075,0.24606052232487374,2.5593391513502435,2,86.50733797368494,8,0,0
180,10,0.012429059594181016,0.02573476179652913,2.4610834988912145,0,134.01026829281008,9,0,0
922,9,0.08728929964302189,0.01962567152958742,1.9728652215860976,2,130.28038034861044,17,0,0
1685,13,0.06508112307313686,0.14486503113878957,5.534582160476864,1,84.46439875760169,8,1,0
1130,4,0.19034007112733006,0.1348982933760196,2.70807420000919,1,148.75629996912406,12,3,0
423,17,0.0114825897055934,0.0013191636358929305,53.00167164659565,9,81.63586591877166,11,3,1
66,14,0.2548803472251736,0.018860322576881874,76.34668885457597,12,17.246645795966288,9,2,1
1047,9,0.07081374536004899,0.32733577514354956,5.6577979000603085,1,167.66632615944155,7,3,0
113,11,0.061528343582993535,0.1178639050828784,3.0118618433226514,2,130.9685841275192,10,0,0
7,18,0.5589027082443471,0.34419896093384533,1.376658099451082,2,0.4887542148192239,7,5,1
259,18,0.5434436170785287,0.6960145570643153,0.12785138283823652,2,24.80785463939729,8,6,1
1193,12,0.16058932804308168,0.027522204187745473,6.060194793445157,2,91.98242700646999,13,2,0
528,10,0.09956260556949663,0.06746324818622387,37.37509770926212,9,45.98654477788863,19,2,1
772,12,0.11355796609067925,0.03469139776026647,1.5355142288124053,0,73.44800838681061,8,3,0
1636,3,0.08786007073935465,0.06773755580283544,3.743620849356447,1,87.97662645139548,18,6,0
249,11,0.07064700114444598,0.13036012739308273,10.465793623198753,1,66.48510571787531,15,0,0
1038,2,0.18028749697818228,0.10615398476455848,1.3672520287630572,0,55.201629139736056,13,1,0
794,15,0.21863112473120308,0.0016858461429093198,5.712012126597132,0,104.35631205959744,17,1,0
1361,5,0.021908227376282327,0.5529374882039593,4.512543904268765,2,107.90587405330685,17,4,0
1278,3,0.06673281020725928,0.0859946380829172,1.3397231138997285,2,79.70802660812643,14,1,0
344,16,0.16995146128575958,0.08854042609627354,4.823974373350278,2,80.02816843269704,14,4,0
749,8,0.21596195562719514,0.05495189419243326,7.282640744661704,0,115.63878751693396,8,2,0
989,13,0.16872861862913233,0.009606646898238185,5.98013249215793,1,113.19729997843255,13,4,0
363,19,0.18625078964756744,0.04374047173785614,2.5533071068974076,1,52.998527782821974,20,4,0
547,14,0.10648966277915715,0.10374852772740525,108.78117526165929,12,37.53012411700999,18,5,1
1475,11,0.31925573004180036,0.204700826766479,2.428597588351334,1,133.44581328951438,10,6,0
210,19,0.15562166133567687,0.05990741464313711,16.575849010281505,1,158.39417019558243,11,6,0
1437,15,0.07471103980494453,0.0052450193898344434,6.9347248517989035,1,62.444199529962106,13,5,0
941,7,0.15779403588762125,0.010038792399725244,3.05385251027749,1,92.74519741711552,19,6,0
568,16,0.027029991093562026,0.047979804447967234,71.21436872387946,11,53.701188372427644,19,6,1
967,4,0.02367857095827135,0.08485683105179159,10.906473708695335,1,67.65574034342558,7,2,0
1486,6,0.025644003580005643,0.05754564190361545,11.149709218500318,2,37.635455877766674,7,2,0
636,5,0.009361153757615984,0.021236527153538534,8.433257764278471,0,34.385924627827315,21,0,0
1641,1,0.270662904512973,0.0009034064625506488,11.974746677774654,2,92.84502238370376,13,5,0
1538,13,0.281566595996095,0.0774855060719723,3.1564826404884054,2,135.1583207210954,20,1,0
1008,5,0.12786580090936236,0.07892254305616338,6.0021651230151365,1,64.0709305855204,13,1,0
70,9,0.11589364092085826,0.11320891282300308,4.27943580033334,0,82.80133210948621,10,5,0
546,19,0.08689063563414484,0.060789227051146075,85.21404864054546,8,49.91635849767663,14,2,1
278,18,0.2631519129050547,0.03938072350767752,5.679646933796252,2,122.28557907257225,14,0,0
1539,17,0.03168833466726556,0.037060884761554586,6.231135509521437,0,79.351774631411,15,2,0
210,14,0.010824340688225445,0.081783497785864,3.5630315212306867,2,34.91190605083657,18,6,0
1015,17,0.019293230111328427,0.03694514797841752,0.2833533920392652,1,155.2086467189681,21,1,0
1601,17,0.09022516793722984,0.08497702993047794,9.945181461157635,0,105.01831415414388,14,2,0
398,14,0.5061507031430705,0.04011148536271596,9.458894267104686,1,192.98106524510783,18,3,0
179,16,0.19603697367569523,0.13239565614709164,4.4859992446696335,2,42.923267234956995,14,3,0
24,18,0.5988057926668072,0.39309085222716705,12.606034855936043,0,1.9868521813358713,0,2,1
1097,18,0.39736158303283114,0.0726427503450152,7.694813400698387,1,81.25280465094119,9,0,0
576,3,0.2445020147953569,0.1662381898664203,1.3362799994387746,1,63.24321742212308,14,4,0
43,19,0.6389195211025898,0.3335665561114749,14.390972686796704,3,1.930595113054054,17,1,1
823,13,0.17752007807473502,0.23004864645648898,14.73513872385996,1,70.64020263674632,14,6,0
45,17,0.37653882776560615,0.5362465794683002,2.3917926424275207,0,1.9972696609745288,14,5,1
1503,14,0.13124958746076246,0.03815084995522872,5.7855918338218855,0,101.27681750127968,12,0,0
1197,9,0.07467608343836872,0.0412542423374373,5.052632225522405,2,150.66056393884585,10,1,0
1520,8,0.14387695553227542,0.2660968115237001,1.8261362535770618,2,105.17500190776678,12,6,0
274,9,0.8372602195053638,0.5970385798133465,0.9481616976814233,2,17.00769264037848,3,4,1
878,6,0.2603448329207392,0.06328055928159494,1.6010335243277296,1,82.4128911965582,21,3,0
360,5,0.07494339282861535,0.12644040536402165,5.222775705900571,0,99.19151676372567,9,1,0
331,15,0.2200928403566668,0.14006578053949126,4.271869492992827,1,129.625259885289,21,0,0
102,1,0.07746317804620875,0.030653472432121756,0.9619585821840815,1,99.48244526257157,7,3,0
23,17,0.8234101440863579,0.4453826255594738,8.98772735184911,1,0.9975937960586494,12,4,1
185,4,0.15858105392797764,0.06640067607278206,5.397451992929996,1,62.511963334047955,14,1,0
262,7,0.2923634708893806,0.07818204730494892,4.7800571797710765,0,78.71788227196805,9,1,0
1,17,0.5926320608950435,0.2236685687993763,1.5263664127867695,0,0.1598826086863583,16,1,1
1442,19,0.06608346726201723,0.08167163259240463,18.920267849140995,0,167.30029536750223,17,6,0
916,11,0.2857980140005307,0.06401443835474992,5.727510118772152,2,187.56519954912648,19,2,0
40,16,0.8727165349512254,0.2713481703870987,4.7704166890848985,3,1.5442453378742862,13,4,1
1153,4,0.16847362154857387,0.04269445174874319,0.7884742202199819,1,125.93514758621025,9,6,0
797,9,0.26975294436342806,0.16596551136501433,8.271050912244052,2,131.77427813869193,18,3,0
1037,19,0.22713588148614616,0.04979944581969988,1.4784269280265165,0,86.49896194757937,17,0,0
584,19,0.1471734049564493,0.29814431119386114,8.170395864883238,1,56.342402484052556,11,6,0
199,16,0.4628274730192928,0.5136652222674843,2.7996919370519238,1,2.658559755162757,17,3,1
92,8,0.14900939951814607,0.26033109784340874,4.325124291079194,1,58.4269709805395,19,4,0
539,1,0.25443528172469043,0.019940504145291686,3.740186998529515,1,158.3370442388108,20,5,0
984,16,0.017682337069387204,0.0500122214683653,8.651394693743617,2,90.29794487472059,9,1,0
387,8,0.03870604291908151,0.2726343362265949,6.8312641126042335,0,128.03276287502064,19,0,0
465,7,0.10413225485649476,0.21743861094042288,11.307898924010143,1,137.44306270969156,14,0,0
5,16,0.2325505237113853,0.24108258161478308,3.678403543037359,3,0.6634131051707248,6,6,1
1234,10,0.03984729643033101,0.21268529125251406,4.910487632107883,1,115.13324642372092,13,0,0
566,14,0.41201709859036384,0.006940497263720018,9.474346692040605,1,57.521877955469435,19,5,0
179,12,0.5710835124937197,0.5649684838703309,3.527690786066323,1,23.525984069208693,12,4,1
1153,9,0.3876053427770003,0.045211540041511455,7.289730849826031,0,57.59035242904573,18,0,0
91,13,0.5322183077132493,0.06320581022262527,83.02743898355553,12,66.6065600985321,9,3,1
258,9,0.5041377121445583,0.8722189559257142,7.069683192365698,0,25.149769088745014,18,0,1
541,19,0.35810655317417106,0.24776669850200264,48.996260903155886,11,35.01968882218347,19,0,1
446,19,0.2423416049532425,0.3220023286165776,11.338201854523534,1,86.22442911532721,7,5,0
1693,12,0.056349320738320226,0.22926520149047544,7.574097505750979,0,55.829298710528654,20,0,0
199,1,0.07860534158262963,0.027550035916518854,7.274974586423532,2,96.85581443683051,11,1,0
1391,19,0.16472468279435099,0.1624737766833978,6.704635408288737,0,109.64745813585299,11,2,0
1690,15,0.21725152639578438,0.12879405506254335,9.332586332502439,1,27.302620787769918,17,1,0
765,15,0.24067780669245623,0.15034078749501434,2.604738645664896,0,151.43240338561944,13,5,0
81,16,0.07729350448128666,0.03410574211363877,2.032747999277398,1,155.97561705295166,11,6,0
1517,6,0.148868120332696,0.029394885057761392,3.6025993017551374,1,160.7912520480615,19,2,0
148,17,0.3222931314945441,0.650206678932569,0.4556736580071533,2,12.403227683586701,8,5,1
628,3,0.4173984947372923,0.004656338375327388,1.2463484678217436,1,167.47252362233579,13,4,0
1686,16,0.0723182966799428,0.28494651285870787,1.0353499259933547,2,97.69085682669144,8,0,0
144,12,0.4565317000311939,0.25531461796173066,8.071823231970257,1,61.28053662862038,14,6,0
1720,17,0.0809857978004606,0.4721047568593736,3.9989411105704114,0,59.327089890265356,10,4,0
1380,7,0.32929785326139105,0.2549504927187268,11.92479811214438,2,115.39121124645547,21,0,0
972,10,0.08395226717746604,0.02258083572555802,4.6588234864406,1,119.72959383058387,18,0,0
1564,2,0.1965253347826649,0.08775382644709567,0.3944352392857313,0,101.24731053087964,12,5,0
55,17,0.08255435393496073,0.02058515733626679,6.003323419303888,1,76.29682482938495,7,2,0
125,17,0.5332895467115695,0.44340408544975735,2.9967785250725356,0,4.114491558538824,7,5,1
216,14,0.0508060058442803,0.068006756588303,125.47361893903454,11,59.72879183294522,18,2,1
983,1,0.08026356535856514,0.06559459377680939,2.4276704591752685,2,95.69853498658772,19,2,0
405,7,0.38932127796943283,0.0334197922504791,3.9871573089234427,2,108.0624541681398,15,4,0
1091,9,0.07383747875664733,0.17938138653540883,12.787145549468226,1,44.748175113463525,17,4,0
198,10,0.07693704761292755,0.051381739389356425,9.48412558717869,1,152.9383412174698,14,1,0
1203,9,0.18154450275489334,0.11284387783321245,6.058128282812944,1,171.98292811420492,16,2,0
501,5,0.3290924808445494,0.17630491564117584,10.32523022551516,1,142.94015707692355,18,3,0
1759,12,0.021339481780991387,0.06591971348172211,1.6172728660542737,1,92.12716260979411,8,2,0
574,9,0.2572237534924106,0.05244344637062627,0.3323017686740598,0,118.36614797742479,18,2,0
169,13,0.12113759290150755,0.03380300004239987,105.15663952430195,6,39.93776639623355,14,5,1
1578,19,0.2883092977504996,0.09708951693506196,0.8250208450508105,1,105.60087710390077,21,6,0
1,17,0.2929298178409119,0.34082599582395035,0.8954374744378578,3,0.7745878899168895,9,3,1
346,11,0.1133529709669357,0.18093500045547836,56.14773310403642,6,14.292301948256393,13,3,1
1076,10,0.1478719488044432,0.07332786489448391,2.1233778775683954,2,46.282451008329616,17,6,0
1268,2,0.016348148957478846,0.20346938236660728,3.801998320023377,0,73.31982153555649,14,3,0
59,6,0.3415536622890202,0.021453220017366433,0.6695319577379737,1,83.62832706343647,15,2,0
1667,10,0.08195138463689976,0.0380900061395547,0.3314857117613615,1,92.26249185692612,21,6,0
1186,2,0.015235170316885812,0.04084691195692458,1.8293073028864493,0,126.98475270112218,16,1,0
852,17,0.10657502115933916,0.058485635844994846,2.7419165545696274,1,95.19594592739494,11,1,0
225,19,0.06996354244092269,0.0003855766996696516,17.67455811168297,2,47.14758639165866,12,0,0
800,13,0.2759826477122554,0.05505298533830948,4.992808194869749,1,87.80359070517534,16,6,0
319,5,0.05077511330127825,0.055516184762731284,2.427850917406807,1,84.8545495718627,12,5,0
496,10,0.03893605827573747,0.12262084484980128,3.7973743377428435,0,51.780354391530054,11,0,0
711,14,0.179284553268651,0.04851078862816048,7.618283881520486,0,41.43164255189972,15,3,0
1600,4,0.03916364699740028,0.16073329312418363,3.141727309170894,2,122.32032553153988,10,2,0
466,7,0.03226919765142395,0.1435729926215641,6.512502397473567,2,70.0910328327697,11,2,0
856,6,0.1559972027048423,0.18285006862781122,10.991865492909895,2,133.59080212541718,8,1,0
132,2,0.06561650889846814,0.1599584153497545,3.3584778348975943,1,157.08788536627372,21,0,0
20,19,0.6742124144018219,0.1941218599203271,15.83593269608642,3,0.47434904122913013,19,0,1
487,17,0.2400381372539592,0.08126479047709986,2.7194742516805377,2,87.21972021725783,17,0,0
303,18,0.23975343088139794,0.03163567722292535,2.508476625238403,0,41.81809884642839,11,1,0
286,14,0.21447447500305367,0.15008689400736785,78.30687743302072,13,42.37190612861831,16,4,1
1586,6,0.10504936940097662,0.012264953551480336,6.220120875877736,1,106.8985760789079,19,1,0
1474,1,0.03650088269545456,0.13042721417201572,10.972954621265469,0,166.3456450700756,12,6,0
106,9,0.21632983169609016,0.2729288286871196,5.239952061781401,1,118.23113815413849,12,3,0
21,17,0.6366964556585037,0.27918482359133684,3.669487608826171,2,0.28859458619996614,7,4,1
342,1,0.11287872494480347,0.10379513917575349,7.245490036804843,2,149.7171179243723,21,0,0
245,12,0.3425315891523299,0.03983697690544293,43.97638856444556,9,43.835237845194676,10,6,1
1342,18,0.06346369883802765,0.07881624274468106,3.3556189971052652,2,77.97985505717459,12,0,0
837,6,0.11607423310602635,0.20094052017286612,2.693469153056905,0,90.06659412630117,10,5,0
549,14,0.20184699684809676,0.2295506054093835,7.751224797713489,1,102.48042588225532,20,1,0
1157,19,0.16260242900809996,0.020883051154201866,1.0451487054932782,2,188.05249753262686,21,5,0
400,15,0.07907191231641643,0.12753545471953964,4.710895664678468,2,95.09328109778984,8,2,0
52,15,0.6489357918831362,0.5216535998228894,0.10971556616179691,2,1.6573276946371278,11,6,1
55,13,0.11111650679817964,0.09041874653993359,13.109318527002054,0,146.27162618297396,21,5,0
509,4,0.06909160177536519,0.021697571099085763,4.046994573916506,2,97.57461079976952,17,1,0
1726,7,0.1292733957633224,0.09593843042941624,3.7883689344618072,2,33.186533874851335,8,5,0
1043,8,0.01903358376910917,0.008470813893787505,5.936157613035942,1,71.95378085142912,11,2,0
768,12,0.18708209692027222,0.18357317897846584,2.2087999568577428,2,94.8276050291132,10,6,0
861,5,0.32135552401022377,0.12598951228548258,4.610179859383513,0,48.4028703061274,14,4,0
779,5,0.16326650304718973,0.40211142901766217,13.745200039261505,0,53.862362366786904,11,1,0
192,14,0.500564348353359,0.1230822192492873,86.09640567353966,13,69.42910021501001,19,3,1
38,19,0.40934811416074723,0.5449486427613471,7.434773492497088,0,1.4365533595400397,22,0,1
52,12,0.15167063038076428,0.08487031096697546,76.65185290023825,13,43.021938466254696,15,1,1
38,16,0.8179000765532964,0.36370386177736913,2.9587360807807683,0,1.1376024204582897,21,0,1
82,13,0.23790638701208985,0.0190375236681745,111.53603466751125,8,24.05306266897377,16,0,1
1454,14,0.02374101610812886,0.07098800777077886,0.13695428303675503,2,125.03852164705103,15,0,0
1252,11,0.0708518578470669,0.028466678261753194,10.365573843105617,1,35.79467568046131,15,6,0
797,7,0.40995398445611003,0.2333218998282426,15.691000562588657,0,55.19018376979285,9,4,0
374,19,0.2089184678466171,0.328117977775409,46.26283756176426,13,58.21978545897608,11,2,1
1292,7,0.18230371113579733,0.2834202558210077,4.475283072077132,2,59.58801347925389,13,2,0
1635,19,0.3013396034846905,0.05199745843601826,8.290321804188508,0,91.89522477430948,19,2,0
1323,4,0.15136767493071432,0.15711578216905708,1.355069725290086,2,58.04524872212965,7,5,0
459,15,0.24140900789651532,0.030499091696295555,13.856218617022185,2,97.98376776337265,16,5,0
1000,13,0.10061533721887457,0.08093638105924073,14.074586514996362,1,81.61435231012365,16,2,0
1300,1,0.23936918311924732,0.037563219101508234,3.341561560534854,0,117.52875840053909,19,2,0
521,15,0.18218406303959955,0.02190071954250469,2.299746935156501,2,73.78468237571593,11,6,0
1075,6,0.09336821602430402,0.11242439646721819,6.5449851248918325,1,112.56483290711088,16,5,0
176,8,0.3788286540162678,0.04103157147783823,7.203369162492554,2,138.89683163374974,11,2,0
227,15,0.24261258293126017,0.03236346432763256,2.9725673950323337,1,140.79988622673935,20,0,0
600,1,0.38938841913101424,0.28621327504890276,5.264350042136582,1,91.52659111832568,17,0,0
603,14,0.4233216401942345,0.1563997952097057,7.3064370986073435,0,120.3020395609303,13,6,0
33,19,0.4387338442971871,0.607890650472289,3.420537954440357,3,0.22864517606689602,11,4,1
168,17,0.47695383796998775,0.4130332043565837,0.4171043582544965,1,11.180370402142923,19,0,1
592,9,0.2695323418535897,0.013239545624293568,3.2616421914244893,0,160.0169814798619,10,6,0
1542,11,0.1330288324090651,0.08092753877144893,4.754267382989617,2,106.79996554830674,14,1,0
1517,1,0.0672836864776479,0.06004580151355174,6.6712726602849415,0,80.60451528774419,15,3,0
1055,6,0.12245132005575907,0.10990751788620243,3.3291720454345053,1,141.26656229024675,15,4,0
512,15,0.27002409206521916,0.05122703385619051,74.63893822498696,13,53.67553911866574,10,3,1
942,15,0.10574892079529728,0.012354355537766946,5.529199427193965,0,52.205339844648734,9,0,0
993,2,0.08702601911691747,0.1176624436043995,3.6872304605600172,2,97.1475783495047,11,5,0
8,15,0.8129131737187684,0.17113581910676962,0.04864386429848913,3,0.8080369482031579,16,1,1
62,16,0.6587100231119343,0.537338659147558,2.104415423060808,1,12.57800194955381,19,0,1
1752,9,0.167315267644633,0.17204394307933554,2.9915731698915202,1,229.10550474754572,12,2,0
505,3,0.0665729700457484,0.14853698785033462,6.063175932386681,2,87.32203808481835,16,0,0
614,10,0.043832220521025776,0.0001994948009560723,6.276973043892705,1,140.91033932777802,7,2,0
384,11,0.10742343157035496,0.05600130578340411,48.92440206777082,13,7.955783112402468,21,5,1
1531,14,0.3087569762939278,0.06491101717992458,3.06552594630824,0,104.43877132661444,21,2,0
370,3,0.1338519022851481,0.017765068633583157,2.3818702273087435,1,71.52206459060903,9,0,0
32,4,0.0645497041287023,0.01060738525815217,2.281547927318796,2,164.43728658503147,15,0,0
445,17,0.025909012287847782,0.10365525556902447,8.585114592019172,1,249.25343933170166,12,2,0
755,12,0.05707275517261286,0.06440333653846021,5.576275201518652,2,119.32315140176206,15,3,0
1008,15,0.10289841899215768,0.2110654501681688,5.290581144937809,0,118.39339928492134,8,3,0
29,15,0.5572185043264068,0.22025519543579666,3.7881023181597917,0,1.2852987013745347,20,1,1
1280,14,0.16885376827005727,0.08047259385080081,2.2228667899453685,0,70.08391170817036,15,1,0
1224,4,0.2048838449917967,0.024268154976799614,7.961935089851442,1,89.44443115796466,18,4,0
62,8,0.17187973917127056,0.1451144380464129,1.076590767487306,2,145.76281231145612,20,0,0
1334,14,0.5271718428622616,0.0966113633631782,0.355849359044187,0,56.60985941483818,21,3,0
571,11,0.19001067718502831,0.21442404529049944,29.022208721637135,12,22.857047697078087,19,4,1
879,19,0.08031994698226097,0.20532815447603978,1.9276906243938514,2,56.625629705075006,18,0,0
16,16,0.6315679183279473,0.4708365355259436,4.057440239335742,3,0.6059718172200635,16,6,1
473,11,0.1368186610489655,0.07095291733862619,3.0896036108050486,1,80.87159062922852,17,1,0
252,9,0.014721848877812737,0.03829482910859833,10.127882242407606,1,67.56707861092687,17,0,0
546,3,0.20409807016683781,0.10810097884578725,3.7469885735860036,2,100.102458601891,12,5,0
484,11,0.22534897840054,0.00045349593777631677,54.66034147962821,13,57.454981770408494,14,3,1
1182,9,0.055746270932563236,0.0890174557106834,4.138421311745564,0,62.20184145059986,9,4,0
173,5,0.3272315966253275,0.2694737203055567,3.3987894615301073,0,124.38701372765442,19,3,0
700,3,0.10669120223117352,0.1829658094940664,11.885574432447328,0,98.53086480464974,9,5,0
312,15,0.0668279350083988,0.03702208308560896,52.91173612830153,14,60.497782554626866,19,1,1
463,4,0.2859096050766024,0.021361816742964695,3.270836527142088,0,56.978419598015016,15,5,0
1358,11,0.125561415397463,0.09270353235570734,10.8296561193685,1,66.44642514703249,20,0,0
598,16,0.3889009540346964,0.08515432886362524,18.69857760010457,0,25.37335466146153,20,1,0
1238,2,0.2657663131945483,0.10895930284406792,2.662345974061603,1,131.00195098408022,13,1,0
849,10,0.16288443855530757,0.2722398666872219,11.612278980903149,1,62.305255463578035,8,1,0
1089,4,0.1784057466152282,0.03762307414730441,2.2468582369624417,2,37.14175626234802,13,5,0
113,14,0.608510861526021,0.8688450673328474,6.3406751232161085,0,8.13282349557111,22,6,1
1407,4,0.046324922647808936,0.012003931275180646,11.437057120706553,0,118.77622374587675,21,1,0
1528,9,0.08682521280667753,0.13747624763192745,2.189783376849131,2,43.27110624057306,19,2,0
1445,19,0.02724386124575776,0.11313238377477473,11.525960029994552,2,49.96400497157743,9,2,0
1214,11,0.3182889859997179,0.09081219957686255,1.6297765382358294,2,93.44944298145451,17,4,0
904,17,0.01242784294470511,0.0464898627579965,3.324085084832161,1,58.33123290519228,13,4,0
1229,15,0.14198554393486748,0.02313262786647083,0.8951617060640603,0,40.498572682134295,11,0,0
1091,17,0.19107790589650034,0.07905180485967596,7.7159670215762794,2,93.34411233023445,12,2,0
834,4,0.1228905408067087,0.1082814559654168,2.927303134152548,2,80.96163785918564,15,4,0
149,18,0.36644012137433163,0.19767122710468554,0.235240755556952,0,1.6894876349637602,7,5,1
1048,15,0.11113636935749995,0.04138941253982021,3.1080938104051423,2,154.4036541052699,16,4,0
632,9,0.08373660702817767,0.03650384951430733,3.947441630009941,2,119.35976973996259,9,2,0
797,11,0.2135015823058773,0.10495817619620124,7.88166725625668,1,95.52878653364525,13,1,0
1402,13,0.10305181520441058,0.0074127802316506335,1.8030517172072593,0,173.97250149467425,15,2,0
1137,2,0.31542487571312156,0.34866188436750883,10.041612915890322,1,93.89927861477705,16,0,0
224,10,0.4119560235031921,0.5279874502935128,0.12616929606580574,2,27.230264889487792,7,6,1
786,4,0.04662473210383246,0.03558680434394019,0.5493629738651913,0,81.329559657189,7,1,0
1169,11,0.21970707391382632,0.05811306360887189,10.089518633865799,2,60.60635718123795,15,3,0
33,18,0.8266398515316075,0.521308939004436,0.26624490529688966,2,1.2713409222995604,7,1,1
1627,18,0.2623193563102691,0.06992079292964652,3.3691807209584077,0,95.40330738178343,19,6,0
32,19,0.8090004133776736,0.6322353692381667,6.3372085201448005,3,0.10514816521617815,11,0,1
856,19,0.21876452152513481,0.05472571422163196,2.4901936288884534,0,74.41750438738792,7,4,0
1148,17,0.294380402085335,0.01219841885048885,5.780292201654089,2,69.27159852978268,12,5,0
298,17,0.059888653456357945,0.0031264516771874256,3.8290990641476057,2,131.96899428450132,14,3,0
643,9,0.10486636607448116,0.0308771851078861,7.838282803042082,0,48.07033025574984,8,6,0
63,6,0.2805959274838732,0.10756362092075687,5.569417813739356,0,176.51928694167543,19,4,0
937,14,0.2735010215823197,0.005092592031430055,14.134534418529682,1,50.60666100954571,15,4,0
1270,12,0.12821096362475154,0.15008075505018445,2.974897935466451,2,249.92951651299222,13,0,0
1606,9,0.3830479715350533,0.03765424613342726,19.55424005330564,2,78.52888172946348,17,1,0
835,1,0.2572574080884359,0.10210312626441928,12.331072787340117,0,90.39869942817127,18,3,0
1161,2,0.01950168138189848,0.16903287565907182,0.751749135095463,0,72.10219159174636,13,2,0
1033,15,0.04498572966072164,0.348336898673072,4.387764105152755,1,45.64367848516276,20,2,0
1009,16,0.15915728795657103,0.06621397964033171,0.529168636459146,2,70.51903106714457,14,2,0
365,7,0.08805628779662968,0.056922585684145384,9.619200672645182,1,178.48203976896934,10,0,0
273,1,0.2389730358435019,0.2836521950653706,9.373408878621946,0,87.63333501923354,15,5,0
374,5,0.12731433107798704,0.009929372983287426,2.6010186741927614,2,20.43625365315854,19,0,0
742,6,0.487361050109598,0.07469762622761686,8.649574386910565,0,98.83409762127835,17,4,0
1074,5,0.1940316732580742,0.02166835273880788,11.421816377269309,1,73.98188639356579,14,2,0
81,6,0.5774357149132424,0.518211452282008,4.380280898574373,1,43.22730108178579,20,3,1
806,8,0.06475432929862554,0.2262381788532571,11.208289094298904,0,91.43765497454854,13,2,0
1540,5,0.10366301914169765,0.03336917463118049,1.4371305348978447,1,166.39540799020716,17,2,0
292,1,0.139550518573569,0.014438883392388125,2.8432635693314547,1,112.61567431770617,16,2,0
278,5,0.28455729658222206,0.2997876227910422,6.509717305146061,0,39.793299286283464,8,3,0
333,16,0.17475459505219382,0.18074272484440154,1.7765507232718838,2,151.70681121903965,16,1,0
218,16,0.030986237273406384,0.03761982979734031,7.2243266285753265,1,49.25221889860589,9,2,0
25,19,0.7371522951675258,0.31100943762804206,0.2906101547554722,2,1.161377088769088,10,5,1
1748,10,0.1574142128148538,0.015097755012689798,12.316956804439435,1,120.06088483673159,13,5,0
974,7,0.2352771427757598,0.20177689516555902,6.157060208718031,1,60.88823540160176,7,1,0
215,9,0.04583712328775838,0.04067382915054165,5.4971446516464075,0,128.4038327833508,10,2,0
503,16,0.10585583900054267,0.08295511508007526,0.31977746813600066,2,131.01309455391302,12,4,0
973,5,0.10340373863817022,0.08881863224512966,6.733487022611913,1,63.97989063018349,11,2,0
51,12,0.7204184117896633,0.48297199998936235,0.9963785926734987,2,15.651061154702345,2,1,1
1179,19,0.14954248922856617,0.005954308400485166,5.714134208382926,2,89.30896818013827,17,0,0
321,19,0.2559135678056901,0.19153161325716556,15.801110920963412,2,80.63522609126096,7,1,0
905,2,0.3290043574820042,0.10621922191924987,3.0990313646599468,1,114.0280643114604,17,6,0
481,11,0.15242163489138874,0.006804289606568044,74.24066857050575,7,32.072903116161505,8,6,1
881,11,0.2397632707032329,0.20882597560160499,8.26421805106125,2,205.12490713520108,15,3,0
48,17,0.5081429795873855,0.2627230696521467,7.001033030785514,3,0.6917536557308752,14,4,1
258,11,0.26692780666459,0.18074974143728503,0.9021945578409036,0,89.55783637709666,15,1,0
114,5,0.048410646423891576,0.07509264036204424,5.036700974439814,2,35.496196347384426,21,1,0
1150,3,0.23287005443252834,0.10674716001901277,7.384868544732315,0,101.06644009648015,8,2,0
176,9,0.5148862167645619,0.8252130531463426,6.257428915232613,1,6.138327199701833,6,4,1
12,15,0.5821138855521321,0.5468191471499348,4.917682152369348,0,1.6607643140960053,17,1,1
38,11,0.07925111357702544,0.09442211092179299,0.8586462501949476,2,193.9570410602113,15,5,0
539,15,0.18900251646599014,0.08291228234301697,108.24585284480277,8,16.703617063905124,15,1,1
977,15,0.19354052417808743,0.0500251922810995,7.184166935827955,0,34.693205212727136,10,5,0
1523,5,0.02376646542585697,0.02091379171048549,2.122635793680695,0,64.56815888956208,7,0,0
1148,19,0.1683204834820001,0.02082107045953416,1.568047848160373,1,122.24407103719996,9,0,0
254,16,0.45954367707528426,0.8311814141676231,6.226820794301629,0,10.73279037176362,18,6,1
320,1,0.11587267611485186,0.0996233552156568,11.09189246548606,1,96.53602372377338,8,4,0
986,18,0.14674131853064215,0.10399141356796027,3.524643499225463,1,164.61782968972057,9,0,0
1213,12,0.016532123534386316,0.06478771239681932,20.31768801402638,1,94.13235606943209,15,2,0
36,19,0.7143351358361495,0.4942006299351721,1.2850657631862297,3,0.8153764617806865,8,1,1
1782,1,0.10680364620833717,0.020784668224181985,4.964361779747045,1,164.0613615079839,19,2,0
274,9,0.05889981183354666,0.0798360873617479,12.023058768197412,0,170.5966033141871,18,4,0
106,7,0.07801946616267878,0.04381527645617572,6.309441631188678,1,50.14668936077169,7,2,0
743,1,0.09899683325284454,0.059670175946023314,3.8775633022550076,2,133.7862192643936,14,1,0
564,18,0.18577097479698054,0.1909843653245909,5.151930072647587,0,103.29720257571572,12,5,0
87,15,0.11382463828082179,0.04854351027996479,4.811342391476583,0,63.402812616808745,13,3,0
192,12,0.5359095896436604,0.5278036159493982,0.7704905778769553,2,74.94693267466079,23,1,1
542,7,0.08020828145241142,0.08214214404348019,4.0503174311620205,1,148.57201259315744,20,1,0
993,2,0.2507252079063633,0.059882934493520924,4.020297095947095,0,165.1432997497795,7,6,0
1171,14,0.024356959090840076,0.07320539795193517,12.570895517923667,2,72.48377527297183,21,1,0
98,11,0.20131323910450857,0.034292885663200635,127.70693985232833,14,29.675770589653254,14,5,1
1661,14,0.0852651096097362,0.10824375273431908,2.217649019990949,1,66.59870424412462,16,2,0
1658,7,0.15141949606135305,0.06517761306132037,8.266570828930185,2,155.2534065547614,8,3,0
1655,3,0.04700132341911148,0.25740274513177624,8.406982123521988,0,145.23480217400152,16,2,0
1424,5,0.21202512235493337,0.01441855192265533,6.1288022897278704,0,75.22662728683272,7,2,0
158,18,0.7636813051416953,0.5629607362917266,1.5502477520384546,0,11.374185940679489,6,4,1
863,8,0.172260843516377,0.16523762448451093,8.006423210868698,1,34.58183901981113,10,2,0
189,5,0.0932391004052752,0.16224893793753653,4.983871272990461,0,67.31632500644989,17,3,0
1633,19,0.16839648663950027,0.009400004841669226,9.943605162854686,0,22.052935523667607,19,6,0
1686,17,0.001878824829561262,0.31619963291894787,5.450951406172814,2,104.5292214429935,8,4,0
138,12,0.05506131851951857,0.216900185135822,0.7886835436692927,2,165.6205184123463,15,4,0
797,6,0.02753465983459026,0.030425540172382675,1.2624091721764923,0,67.42101381999797,13,2,0
1534,7,0.06424902965673414,0.01813066820226217,16.13247212585725,2,23.17966696531184,13,5,0
620,10,0.057302530872435135,0.1701264347964727,3.4817180702352077,2,47.746417938960704,14,3,0
1380,19,0.033242390494825594,0.1024904615600337,4.177070792017194,2,184.26791983514985,15,4,0
19,19,0.7346304471623977,0.5393044286369663,4.622909746792016,3,0.38357272250785057,2,2,1
692,12,0.18928097950115944,0.016213854293912755,2.8298084436252937,0,93.55518175123699,16,4,0
1247,18,0.08144483354476344,0.10295097008789032,4.786631567335633,0,100.71809665009428,18,3,0
437,12,0.37966281414208797,0.06508228906412877,0.861736536621639,2,73.46836885838646,21,1,0
1130,10,0.2623201838308391,0.024044726318172283,1.9945717463240689,1,26.35078702210459,7,2,0
758,11,0.04774467206266632,0.09849922118901891,4.558980703433679,1,43.85581638388261,7,1,0
1239,6,0.026631268237891133,0.0072648317971320256,5.2131307624216685,0,196.54591100003591,20,2,0
247,15,0.2130358609626417,0.05889436811949891,10.96892781816389,1,69.9233655897355,16,5,0
342,1,0.3353963079280696,0.0841467910085231,5.091043039141907,2,37.860620364435746,19,0,0
68,3,0.20272235230581923,0.07567305787299748,0.7897886317053456,0,121.75368798511758,11,3,0
583,13,0.11019963947103743,0.057134486877687136,15.708803166316516,1,100.27471156218569,18,4,0
735,19,0.13889333756384137,0.09041198186350168,0.19363276720425016,0,96.86521835016494,15,4,0
1616,16,0.15302686436668078,0.0643535094902981,3.241080798237227,0,55.69942140523396,14,2,0
249,10,0.08541338909532288,0.32151798910264173,4.171292336622245,0,99.53493983990789,15,0,0
522,11,0.12231968439737631,0.020111747650387465,74.6813083446593,13,109.39557614872672,7,4,1
1529,17,0.24942341741163931,0.02407063500097668,6.20331207897795,0,81.17858799445477,12,2,0
1087,14,0.046452727602781685,0.039556479059660185,16.31701293327529,1,62.953881817209066,12,3,0
1396,15,0.1803398450305135,0.15489312908737576,7.546589452764017,1,134.09403624418732,8,6,0
255,17,0.1581345289830978,0.20458629829046399,4.013473353924693,0,86.84561714987993,21,2,0
1052,4,0.0528378968689388,0.25140250097859457,4.188625589228188,2,54.30209007626553,9,3,0
1032,13,0.14913924890432503,0.1110543810773238,6.65845612915312,0,73.7641684740087,14,1,0
145,14,0.30745344558262255,0.2510716122204606,6.048853945866575,0,123.81446869974825,20,6,0
537,7,0.2758473309787499,0.030034997886901595,2.488246729950287,2,54.62343557833811,13,2,0
733,8,0.20848721096868186,0.058228343834513446,3.266503992622382,0,149.7589784859969,9,0,0
254,18,0.6257509851400181,0.1914981922802322,1.5605064524047119,0,18.28378924221169,8,3,1
1144,7,0.05225270817428423,0.14587982837477176,8.143800127567753,0,93.78751935407244,14,4,0
745,6,0.09978523999932401,0.00967305301259507,18.990295117691936,0,135.65580148160382,13,5,0
753,15,0.02536919125314294,0.16935839209280185,5.7457867877744695,1,86.43660033504106,7,5,0
1191,4,0.2130750785106056,0.042975942576877924,0.472668149894395,2,136.1385700068206,19,5,0
1232,3,0.31833861650085266,0.11895318358963936,1.9868420734840306,0,66.49786450794822,21,1,0
1778,3,0.06893818671744296,0.005535616606169362,7.793086472305363,2,73.24043879296559,15,1,0
110,11,0.16679752067635986,0.023459807288564446,138.98486337447486,5,5.067073209813549,9,0,1
774,3,0.09794639014224255,0.06375177430370593,8.641907662173294,1,53.07541849609591,13,3,0
1459,14,0.18242084476368448,0.2328962495999235,0.2364461514448112,2,34.37283882474543,18,1,0
1375,18,0.11345572840799041,0.04084456588404483,2.107418578356372,1,191.83297289442478,15,1,0
840,12,0.050504149796564535,0.2516873747681397,5.040246026343904,2,45.99295877301632,21,5,0
1492,14,0.08480369367169614,0.23096210777726991,4.896019401291995,0,94.23638901189838,21,0,0
190,18,0.019942193462292875,0.133228374890526,4.930071142799697,2,42.659497682907705,17,5,0
991,13,0.04042599355535411,0.11656370283918259,1.6776897061231317,1,57.71279175497725,13,4,0
9,9,0.38197434782491335,0.6045626503562663,0.45824833498350215,0,27.451960600585004,5,0,1
1479,7,0.1296323086919232,0.03561883468806351,5.803565596122162,2,137.352498813303,15,0,0
1359,5,0.09678543346790262,0.22491744435297714,5.486397591685744,2,142.21961108112362,14,0,0
174,16,0.08680006670810862,0.0572529056948227,120.15050369656392,8,37.35146708595727,18,5,1
1208,5,0.3795636565828772,0.16666163395340927,5.098405314845716,2,97.43447011337388,17,3,0
318,15,0.13802513789894455,0.06670249035811317,59.069797803948504,7,62.232142345616424,10,4,1
1460,16,0.14254405671261555,0.062486556490308785,17.04896589118929,2,85.23143523551546,7,6,0
383,1,0.2886175869798143,0.292389554119137,3.6764258824852254,1,103.86383054844109,12,0,0
1516,6,0.32163374720534854,0.05808802407276311,7.2993722608638,0,45.318487611882745,13,6,0
318,14,0.07196089907445079,0.1652926811433413,4.011743916614596,1,54.45065949660933,16,2,0
533,12,0.1139027824382475,0.0450184621446934,19.311533996394836,2,92.54172090681485,12,3,0
479,17,0.31419420282622557,0.028413660557145382,56.00772774123436,8,41.51643341741904,16,2,1
689,15,0.07454391267843544,0.04135230205777359,10.248933778425974,0,183.37673566823554,13,2,0
761,4,0.12555665920035003,0.08786085607734255,2.5252381991897264,2,70.5643404190875,20,6,0
1627,11,0.20196839706922212,0.1376307177486773,10.350267340789987,1,112.55364796126295,13,5,0
1204,1,0.186406256611301,0.013230381291995106,1.1739212678384336,1,99.2400382042021,16,3,0
526,6,0.17492566749894464,0.02063944030421591,6.631531906753029,1,108.56732638053089,16,3,0
267,11,0.024507571409910393,0.058065212684781334,9.149751999234281,1,189.6567344711568,8,6,0
1337,1,0.07075998770584387,0.37243005342381996,6.244112384256382,2,96.54346980765735,10,6,0
1526,3,0.16166326522419694,0.03183115631531946,6.053952298706696,1,178.1328916746299,8,2,0
597,2,0.035184370231246744,0.012769723959819118,3.871835506246764,1,48.93887142334581,7,6,0
262,9,0.17259834069345287,0.2989112461544493,3.0142835162107473,1,114.87173799349753,12,0,0
1015,4,0.05142514667138804,0.09910435088870892,8.68465505667265,1,52.62175203894354,17,3,0
1632,4,0.11048008767150111,0.06070339322444528,2.900704996170693,0,40.506215899071805,16,3,0
1121,15,0.07770589722092287,0.19871461657907916,1.3626144587463855,0,151.20227332294454,8,6,0
500,11,0.24079169387813246,0.16258895579828644,6.555579894049769,1,40.23330049547032,18,6,0
1328,19,0.08490914789695514,0.22247646696663798,4.378435738281994,1,60.695189946311956,19,0,0
187,14,0.04652202270968557,0.04255851135408038,0.4091117713040545,1,62.73985238302369,14,0,0
221,14,0.723433821676014,0.48030704378447353,2.299750012530689,2,15.080243258718404,11,2,1
18,18,0.7446644908431035,0.3583642892329643,3.21334130010276,3,0.1783207203729399,8,4,1
593,14,0.1898537538123334,0.2723446535261608,6.271480480499205,1,30.826234749628306,15,3,0
1269,7,0.23858460751742447,0.18125409183279975,4.349121476377608,0,164.59929151153065,10,6,0
1304,13,0.10797155049299147,0.07840021100376147,2.2144119413867025,1,88.3025644813133,9,2,0
1656,3,0.129039323833394,0.10632867951386225,1.5366880557659597,1,89.84863741493307,21,3,0
949,12,0.021082577492075264,0.09193750350306552,5.86538705504472,0,28.58735745640236,16,5,0
1047,2,0.2423929445787455,0.10011067125046072,1.5640843229146761,0,27.748368769575563,21,4,0
1696,6,0.1832723676814202,0.07813422047880235,0.2688335204544673,1,93.57792843144638,19,3,0
970,8,0.14799735223808924,0.045025721268709816,1.6594387440138292,2,133.91345528290512,8,6,0
1286,9,0.29645203595712916,0.03001147450613571,9.038766418155648,0,43.609300109796614,15,6,0
337,14,0.20892168213928225,0.05659898710871178,99.74375966202845,13,30.098306656463212,9,3,1
1010,6,0.3787943682756858,0.11847647812002628,2.396349824402392,2,137.43843347061832,9,1,0
456,16,0.03939330875672768,0.09216278295634393,3.080370038739265,0,81.48056509099392,18,0,0
157,6,0.1237788748358762,0.09987566800204264,2.8230013001936523,1,81.11726785828412,9,1,0
1158,2,0.12523203954869463,0.05523925072446034,3.5723593483159486,0,143.1323926861952,12,2,0
1559,7,0.061284541647790354,0.07385756675128172,5.1120034397447895,1,52.663020258981945,18,2,0
543,5,0.14728702647650943,0.28334830875145384,11.052711534792335,1,144.7638726424038,12,2,0
834,17,0.10675358769951895,0.01446462007456835,4.293966577933343,0,107.55509335409653,11,0,0
68,16,0.7632636563265205,0.6455643298166264,1.4657553110377888,1,6.260417929858745,7,6,1
41,5,0.6841723605686095,0.7578858030580454,1.7866607037462225,2,25.70292677364247,8,0,1
758,2,0.06293100936431383,0.21469099246633552,1.814083968426561,2,75.98963157904448,21,0,0
940,13,0.11367322264731354,0.11635310748142598,24.863303856685523,1,42.50238186944741,11,4,0
883,12,0.16964574678879574,0.0056732201918754345,1.6619504528167492,0,62.968558518572095,7,4,0
1102,4,0.2690393239221346,0.04300274824497111,12.351620146691925,0,89.89793722002301,19,4,0
971,5,0.03637800276099154,0.27753371548528744,3.232651613440507,1,227.20483799337003,19,2,0
1794,7,0.11246052909506131,0.014090467175368266,1.973368217712514,2,187.06389519370506,12,6,0
565,5,0.0649920798716279,0.14687839863445787,5.118173308596187,0,87.1058614266748,12,5,0
872,12,0.2340842536797298,0.12329966719107643,6.8335860636405865,0,111.11115245913466,12,4,0
1734,18,0.3440774567009809,0.16637127145379663,4.543846396797581,1,111.76973588286154,11,3,0
24,7,0.5457555809214832,0.7713549468855088,0.1563240569264831,1,38.81567739111055,19,2,1
252,11,0.10965248595648738,0.20146609908387447,4.045652934632095,1,54.4306887691848,9,1,0
781,16,0.15647781877159708,0.08255740780673967,4.493802633577327,0,70.62173192530119,21,3,0
464,3,0.37632379269936567,0.3847903954989363,1.0239540839214143,0,166.70272502815192,20,0,0
34,10,0.0891278045137603,0.48235834465737193,21.26357912498415,2,97.42473675893294,14,2,0
1502,14,0.1801772656420406,0.06483204137078552,2.9839569927339333,1,48.43234884123024,8,4,0
891,2,0.061964764853521426,0.1724626682524465,0.19885976515138787,1,215.1641114870261,12,5,0
18,17,0.757777604633791,0.19644351800715476,11.394837951133692,2,0.3099431884141365,23,2,1
983,8,0.16580761214250453,0.129604308003293,12.645917552416718,2,89.57125752534579,20,3,0
164,10,0.48287959591353075,0.9402020527303807,1.061691876150127,1,34.30546978757116,2,2,1
24,15,0.4634993790365554,0.4566916715684689,3.90493950399369,2,1.5992279200050634,5,5,1
73,2,0.2940170180153386,0.18671262859470047,3.4310909658787123,2,191.11642336229312,21,5,0
1491,1,0.04554728386299944,0.035878711674919274,3.170329162605227,0,128.13890583763907,11,1,0
1730,7,0.11438359126104168,0.07378946692215346,7.002652239752726,0,142.7576407242621,12,0,0
990,2,0.17542350189772166,0.21513013389959437,5.268374374145926,1,101.88924129720903,20,1,0
1345,7,0.27815175058144276,0.13732519782361952,0.3264530326434497,1,132.5631036724753,17,0,0
638,13,0.2236460260955884,0.03308551446124945,4.141943572482937,2,81.24631269522376,20,2,0
262,13,0.11420251200614037,0.04458701225121757,71.24570888051849,14,149.42222425634822,14,6,1
691,9,0.2859301480265566,0.06525031042167448,1.3736059030150194,0,119.33351554174752,11,3,0
396,11,0.1850202867116634,0.0673338506788671,3.308806912866435,1,76.54987571947258,13,3,0
37,17,0.2557781342815521,0.33489745876205224,2.6996419453103506,2,1.6638586368528905,9,2,1
119,17,0.8529368824990473,0.8166772022739709,4.887714143018039,1,8.447254260514672,7,5,1
805,16,0.2600895442385,0.16912553573046452,12.980848855365545,2,109.55634816997514,7,4,0
387,10,0.2934932642107154,0.1898957854642576,2.8649685521846764,1,102.05054590973862,11,6,0
94,10,0.24885579401648214,0.04107209058932812,0.37761560707061387,1,28.625386708878885,13,6,0
27,16,0.7932867937619347,0.305348498078344,4.500239210587535,0,0.7394473113312279,11,0,1
1075,19,0.15258300908732753,0.08512180870963162,4.075642976223641,1,69.26183055550291,7,6,0
678,17,0.07746353546818978,0.24174462838510363,7.4416087877792245,1,68.0098698646356,7,2,0
585,7,0.12312448499444116,0.01661915699599605,4.496101744477865,2,44.43246887444289,7,1,0
315,5,0.0879929165898822,0.020662688687661458,4.224839673972149,0,117.95374582510183,12,5,0
1400,7,0.1607440114688077,0.06966042279154781,5.520413222773938,1,59.79605307018441,20,6,0
673,17,0.09210849943451055,0.03598188755651779,13.683301529387283,0,53.26260164623389,18,1,0
620,5,0.10654945938675685,0.14073122662545592,1.3885161774409127,1,50.16042144757931,20,4,0
1184,14,0.13484940346732874,0.07395188085798172,2.665821097020457,2,213.84051441875283,7,1,0
606,4,0.25766990141366064,0.2829187666103309,10.715276577251453,2,84.62266705788039,7,0,0
541,3,0.20724337677612087,0.045489151068837816,2.5128961130299468,1,134.28281420135266,19,6,0
206,8,0.11079277379446897,0.10016700524773198,25.374593216951364,1,152.42526099696406,11,6,0
857,4,0.04177087129688929,0.4081888526447118,4.951318845473727,1,41.048516037257045,12,1,0
1630,18,0.1265084210248761,0.20902103378803913,9.360627967462877,1,72.91471778412857,17,4,0
1733,11,0.13388388249630911,0.1489535749539907,7.50121458724729,0,138.86453973121988,10,1,0
849,18,0.09171211603973581,0.1704738574434683,1.5060363013925337,1,140.66164831883702,14,4,0
1565,12,0.029920223493496587,0.1754996980742073,6.273680672453324,0,41.54260917052276,10,6,0
405,18,0.03051427582556303,0.02901851414464893,52.58385455371959,14,15.674832923231792,19,3,1
136,12,0.0432759757960709,0.07725815901612347,4.299872820708621,1,58.03337598587879,13,6,0
277,18,0.20274536502025015,0.023948075075026082,2.2955032490204927,2,88.0580075613485,7,6,0
352,11,0.2925766084043468,0.03196654467698612,73.7178061304553,10,15.66999494029601,14,4,1
257,8,0.1514892001578011,0.19234952666008476,5.889524150565529,0,46.24676345021133,8,4,0
1460,7,0.38891207191188765,0.03645437935870785,22.244670230365188,1,122.87720779792359,21,3,0
1555,8,0.4486198171528576,0.04605990042304781,6.820836603481938,2,105.70586490878003,15,2,0
1598,11,0.20546577993785334,0.024507686450222076,5.120243297021526,1,89.09984362610379,21,4,0
907,19,0.14970937655319413,0.035686492683369195,4.237845591576328,2,107.08597001407739,15,0,0
527,6,0.33466602817535945,0.20985759583866007,9.424549682907722,1,101.00036474576771,8,4,0
380,6,0.07810296147248087,0.07757149525757191,5.536981386906495,2,194.4972988773643,15,4,0
489,3,0.23536372878289313,0.22445606866932924,9.267901290801825,1,111.49480414920065,18,4,0
1175,17,0.10140191678581328,0.15773922389162284,5.503393991686775,0,119.6642076468064,20,4,0
291,5,0.08536491482170966,0.029191957199133853,2.650447799222458,0,89.9294346128768,18,6,0
277,18,0.21214341549555005,0.07904298976859137,9.825741242353098,1,182.3318618027481,14,1,0
1324,6,0.06582423191624776,0.0009319990621184876,7.187586039155213,1,37.886353746259715,18,0,0
1481,15,0.33116822555172704,0.017020244989171283,0.9195859219518493,0,142.37548036269501,18,2,0
1393,10,0.3028347969935545,0.06250945163111828,1.0753613698644249,1,58.557738755523516,14,0,0
1149,7,0.2798294961359653,0.025974117944059863,6.758842757556151,1,111.86078356528823,18,6,0
1660,13,0.22278362923650205,0.038563082934817805,0.35269634907980324,0,45.94585463086497,16,4,0
446,16,0.05710533885204632,0.11337871220804883,0.7041469355266325,0,97.86034481057455,20,2,0
819,11,0.05906620036755007,0.0019061542170611867,1.0847437441120524,1,89.0706201254167,19,4,0
1089,14,0.10576225369637943,0.25482620693318775,1.8185934914720479,0,80.85970335337878,13,5,0
1659,4,0.02850736094767978,0.13401943850840395,3.477005749965772,2,209.53841785027902,11,4,0
1268,17,0.032967146631724654,0.05299230898699024,2.6178267649247315,2,89.40986288435745,14,0,0
533,5,0.23543789406369336,0.20147678705882652,19.38877970103929,0,114.85860126719538,17,6,0
1448,16,0.11330875294103032,0.13570812316431544,2.3814819879640905,1,79.99518285218093,10,6,0
1654,7,0.10676877027155285,0.16118822953325485,0.24313604831773541,0,95.64095865787277,9,2,0
436,14,0.03642356429940759,0.03150851141822717,37.33883914161439,12,36.458526547992406,9,5,1
527,13,0.37469552947999774,0.0165485954656091,13.112631319443015,0,116.2395830655054,21,2,0
940,9,0.031014351535819377,0.03134639682106398,3.4606301498528023,2,153.44374105234496,20,0,0
55,18,0.5769648996811026,0.5311738204980273,2.326946520723324,1,1.812247590747551,8,6,1
528,7,0.02983667530878093,0.2464311837260188,9.786058368184028,2,59.20662837659641,21,4,0
1447,11,0.04711898309829177,0.3968287333808066,5.570387628341661,1,89.57552033574116,9,5,0
86,3,0.161142732236205,0.21470965240885834,9.548901988279047,0,32.275188969200364,20,4,0
770,9,0.09361744369248048,0.2501574157534889,6.306340016477541,2,95.44475862182207,7,2,0
554,11,0.038558860414156015,0.08295862879567593,9.224015336045882,0,149.25981367762589,20,5,0
1526,14,0.33906246034666593,0.27612683083143114,21.143099969731068,1,174.41368754862333,8,4,0
21,18,0.32594958517401457,0.34530203775066454,2.1477379433828174,0,0.7631013578721816,16,5,1
1670,16,0.25588777387001427,0.000924967182549444,3.7730315879015417,0,82.99702405542014,8,0,0
37,17,0.3748857071816432,0.26101252530298635,0.6966305641662683,1,1.0987236910546296,12,5,1
923,1,0.24053699140573753,0.09427648181675367,7.330620426063002,1,49.176148840177156,13,6,0
1672,10,0.30505468216122156,0.02395242778198864,1.1108880414058275,2,52.765698715209695,9,6,0
417,12,0.09119849492157069,0.2663036846118114,9.737042351498696,0,106.90407428536572,20,4,0
123,9,0.6471702066040887,0.8400775695489985,2.5842287996488307,0,22.60179387252544,9,0,1
51,15,0.826885617570401,0.5687179433422053,1.9104248047379337,1,1.0055094409268819,14,6,1
929,9,0.12521765841687382,0.09662687464541549,2.9022348123111703,1,90.64517664947923,11,0,0
40,19,0.8623055294933677,0.10868233510947849,0.3690429630522337,2,1.1368663048308605,8,2,1
1012,2,0.26184655916653843,0.0230644706545222,5.946759687429547,0,185.26312311722975,7,5,0
286,13,0.022782645331469613,0.05675322656131121,15.89593867234876,1,143.7839848774628,18,0,0
34,16,0.7072400302687187,0.41412376289686326,0.9607247471621903,1,0.8460773736497224,21,4,1
334,19,0.2485860159416123,0.2018501579105845,3.679427530532233,1,33.92279330816663,16,2,0
1219,1,0.2600144921607988,0.005542698525360074,10.885230429560353,0,59.50660316714861,7,1,0
943,11,0.1092718991455826,0.04317409863002418,4.614082469548891,1,178.90714672747458,8,2,0
240,10,0.12583516132714798,0.0941976205334673,7.231538662866705,2,93.82070862053737,9,2,0
1772,7,0.17239728772825685,0.09352582897264612,7.374028761048313,0,139.2939085567907,21,0,0
564,14,0.40439173444521564,0.3255378631487517,2.335919441388465,0,27.41127455116413,8,0,0
1041,11,0.15834170582028217,0.11137199815363737,6.632160631975474,1,68.66549024018275,12,1,0
189,18,0.17334338053917617,0.06487312082477001,0.5318796732105073,1,90.61281545430813,16,3,0
588,14,0.05273196719094292,0.19933139168468425,8.804985345764702,2,56.450340736661005,14,0,0
204,11,0.1577370871507004,0.13693693862083195,11.182465747647187,1,100.22873473168013,18,4,0
308,3,0.18306141808554272,0.06076925516716069,6.064263948625871,1,67.36837843659575,14,3,0
12,18,0.6376619071403071,0.5745841406460013,2.247246827435943,2,0.16467220105774527,8,6,1
102,12,0.15217047030995615,0.32907846856774264,2.0723933584773317,2,135.29284038300054,16,3,0
686,1,0.0693063576789836,0.04928611666360422,4.282323137820369,2,238.57305041061517,13,6,0
711,10,0.07385875515220192,0.058323044780409034,3.134457536611598,1,119.97239154988364,19,3,0
347,17,0.2021109709649407,0.21427906077786146,11.39167899740872,2,147.53768534044065,15,1,0
644,2,0.06540206631529877,0.11151050594739494,4.377407985599702,0,155.68207563053653,12,5,0
110,15,0.03312308056287016,0.19630938617602173,118.51211134536825,10,59.039551423789916,15,5,1
558,19,0.1596048895065547,0.11328597029744182,1.9840190758517233,1,156.56865570091637,11,4,0
1377,12,0.21369003662844246,0.12947867497955085,6.202047752180536,1,188.7404729310863,20,4,0
251,8,0.15486639980991682,0.0163329159628164,1.941085008076457,1,141.51396755197933,10,6,0
721,8,0.050838282040395595,0.017412263655538728,4.303904663416795,2,53.8400563229142,10,6,0
352,17,0.38068612079757413,0.08250878775410528,50.53169617133476,9,37.38372470590089,7,3,1
1727,8,0.2605568436279128,0.04606576832593238,3.1233350871135377,0,132.25409101245745,19,4,0
565,18,0.01275754649666769,0.1269909033585617,45.72362509274606,7,58.29122345222779,19,1,1
54,4,0.0663589565605162,0.005431852019105023,5.5092646500089995,1,77.1288273245776,8,1,0
8,19,0.9240103103845785,0.30717878040022617,2.339236105620241,1,0.9686734597078963,10,0,1
1785,10,0.008798550340421957,0.038270124956772955,2.0866903105776986,2,104.24974329727475,21,6,0
47,18,0.3175971405177844,0.47230685763428265,5.5228534890830305,1,0.19755618064052394,23,3,1
1746,15,0.09673235419650263,0.11050194629689729,7.26201062667825,0,96.73307237248358,9,5,0
439,8,0.10183812122249142,0.03165292935962418,11.796234487802778,2,35.31218779018064,8,4,0
1404,7,0.36756393673043586,0.1733593680683297,5.731436845230953,2,56.55677416384522,14,5,0
1707,15,0.11731787329880866,0.17393719850838443,2.0470557220209944,0,59.15609562821986,18,0,0
1385,6,0.037903714669337944,0.06973869677616396,24.00630310974807,0,95.61891287830719,7,1,0
486,6,0.01802469502047209,0.02034612440311971,10.283016527667417,0,99.63226390771025,13,6,0
37,1,0.28438086281431263,0.20202793991972515,1.29423144524992,0,140.13880493958897,21,0,0
12,19,0.6807003266075561,0.16881166245351759,0.12594754076514658,2,1.2303819243573735,3,4,1
1495,18,0.48365433883973763,0.02940190706742211,0.904121459309867,0,80.87495068312899,19,0,0
1276,2,0.14529598811190392,0.023807253383055435,5.038544782111863,1,68.8276093068264,11,0,0
1508,2,0.12454828099323603,0.058050246028837175,6.468167755248549,1,78.02517014024684,18,2,0
96,16,0.6831068315431705,0.657500495060767,2.515636683842697,0,6.030477535172997,16,1,1
386,9,0.017257620404789665,0.09008904959953959,6.454869565164033,2,72.66550067464921,11,1,0
898,14,0.08421921510513666,0.022559362534767483,0.2717603055560312,1,102.37315458468328,11,1,0
1322,9,0.05283528663784369,0.10581941618804741,6.705150475111302,1,50.401135945032365,15,2,0
1453,18,0.11559773383202666,0.007008108635255766,11.458848072146614,2,46.256022186969155,16,6,0
1434,14,0.21310698705167697,0.040442043087300546,7.079482012526269,2,58.9766118786856,10,2,0
1422,3,0.12380689955191697,0.1431645189283406,5.154294889423474,1,97.25227163304588,20,5,0
594,9,0.06611849509566588,0.15991812479304585,11.441730889363848,1,91.38473030960525,18,2,0
519,19,0.22324915603066892,0.05421798863110353,3.7619020350789474,1,76.603938017361,18,6,0
1213,1,0.2206408370283302,0.114374165417424,6.9375928813304695,0,85.49727058810808,13,0,0
1486,15,0.015405174945952988,0.2577362802892489,0.45492588638818604,0,69.7088908275975,10,1,0
33,17,0.7050119158135992,0.23252404430805929,2.1103846359860414,3,1.5857792993618731,6,5,1
42,18,0.15795983782420145,0.03780708720463643,4.607101010629337,2,69.5525841041332,18,6,0
8,15,0.64578047921639,0.3396349333297353,16.85289589333354,1,1.1177861544580707,13,2,1
8,17,0.5839826262959886,0.4217622251963366,5.5947181921786555,1,4.848889998020822,9,4,1
1576,11,0.22874119213937077,0.09009786803575617,1.9477005465329826,2,86.3576390807855,20,1,0
1036,16,0.17860828455165936,0.104908779475167,3.4794281338152526,2,70.55189002536338,14,4,0
305,17,0.14050804706256087,0.08888936995846819,16.38588843062409,1,94.03113513924697,15,0,0
434,19,0.28182432856653056,0.05979830544561018,12.390039117289476,2,70.55608184397788,7,1,0
224,17,0.028391142529140805,0.1004943783413607,137.8573284580125,14,88.10261717855109,21,2,1
291,14,0.7115620739626446,0.777631420652221,0.7802844323618987,2,26.487148814163657,20,3,1
33,18,0.5928309623399182,0.19555134286250048,14.629661092270524,0,0.604548671175519,15,1,1
1196,1,0.005157186523809546,0.18374559448079816,0.263898848579094,1,143.3493781742189,10,6,0
56,19,0.7330499766330616,0.2248110201572064,0.3211468040079821,2,1.4441068131308863,21,3,1
1156,5,0.054818119715928156,0.11498341763955641,6.533212994264486,2,148.3381262422014,9,1,0
357,4,0.03029230048765205,0.013295709528355884,3.3437456913751173,1,129.52283616935102,11,2,0
1794,10,0.05839535271044294,0.18265659009196666,4.252621744948357,1,96.20133606986323,12,3,0
1627,13,0.05859474808241541,0.04199830525272292,13.709700241016822,2,112.78557605493756,11,1,0
560,16,0.1446278468624183,0.042858063746960516,4.21035433723675,0,117.63615729704986,13,4,0
57,4,0.17882290706013482,0.09862274387518095,1.873493228651592,1,79.68188520256065,9,1,0
1139,5,0.058197098662875806,0.06694185560989718,8.796814511211387,2,65.34669519246805,12,3,0
564,13,0.047671183035895605,0.05999147905386077,1.7513251476165939,1,114.78652693885377,18,3,0
1705,10,0.3619639339885,0.014065805488731313,0.5398783432134425,1,144.47019610128638,17,1,0
825,12,0.08191455874758494,0.05391756452792586,9.363864545991088,0,80.35250654288616,16,2,0
299,4,0.06432472394516238,0.16651615033834832,1.7082770886310708,2,119.27756924418587,15,0,0
1529,10,0.25580446455696326,0.2593034563884746,1.0312906759131286,2,92.0340264262574,21,2,0
51,18,0.32557436891664765,0.09974057912337272,2.3018003949058117,2,108.58722491383472,12,2,0
37,18,0.3343708600223472,0.02600722805188128,54.82466472320216,11,51.156439540095306,10,1,1
384,10,0.08813473570877539,0.21690996891283176,19.167177138338406,11,68.35953219738079,20,1,1
1423,2,0.1954799598855755,0.08136128820272664,4.085540884697361,0,36.47632382099876,19,4,0
273,9,0.40606372171366767,0.7471711898662919,3.284784324077509,2,26.735075906865315,4,6,1
203,13,0.49935369740143765,0.5786391577243931,4.133790933145312,0,32.34500041721851,4,3,1
1726,4,0.14255685340280522,0.13626238147487094,12.056911474044103,2,114.37121665672946,14,5,0
365,2,0.2985347278214749,0.14607962456691365,1.4829402067430255,2,51.494327391141006,19,4,0
1363,18,0.004770686997373156,0.36298976652451,0.7822916902683131,2,115.9046285287165,12,1,0
1782,19,0.10029091266567883,0.04314412717471955,9.056474014733462,1,106.35810139483966,10,1,0
1304,2,0.34482498250020216,0.06641762950408475,4.174465113494967,2,100.43039474698348,13,0,0
121,16,0.09283979827219513,0.029680942155532984,2.113622474016719,2,28.231606094035836,17,6,0
1494,9,0.26533088992381315,0.09594083289843655,9.378927657008637,1,50.080605500359255,10,5,0
1193,18,0.04874543949810272,0.025433104123895246,1.0198791319968055,2,162.84855722007086,11,2,0
231,10,0.1921052375141834,0.11942711119048936,7.370930056565482,2,212.0727050049133,20,3,0
1176,10,0.3409601934336194,0.1736434379327988,1.2025052027875287,2,83.57860545594286,18,5,0
778,2,0.05037155914002078,0.20796184507256046,28.362521436109503,1,41.978197783362596,20,5,0
48,18,0.5770431608932957,0.4232100475237354,3.0938079117695567,1,0.8524139977583651,4,0,1
182,9,0.5309155392311273,0.6239532444745776,1.4427357319617955,1,34.320266251362725,3,3,1
1535,8,0.08220173839112414,0.19600284843473467,4.08270399277416,0,47.249370594240325,17,1,0
1449,10,0.17454618768173333,0.1181911197781645,5.04521543551488,1,102.63732910563965,17,0,0
836,4,0.184551120865591,0.08559786323219508,6.404492549609867,2,51.84668256377336,10,4,0
500,15,0.13502084417952323,0.03725932441486349,4.511902439434509,1,69.03732243046173,21,6,0
1400,2,0.03199301284174652,0.08004038359475071,7.255430293826674,1,146.92935819963282,17,4,0
227,16,0.29400945137033135,0.02283752512135087,39.16556850640295,5,6.076885714864842,7,4,1
1664,12,0.06268897604476507,0.3231970396568592,12.667748548479615,2,71.42303662307447,18,5,0
1727,4,0.16388212508919206,0.07527708665463112,2.26582319484257,2,56.867512416427566,16,0,0
154,11,0.2864418311477484,0.16682086273294686,19.738742339887807,2,105.61589913431644,11,5,0
1351,18,0.16649047578483808,0.17355372178044592,7.189424348682995,2,86.76045422665096,11,1,0
1711,1,0.3468198402985214,0.06926301783206061,8.444252158529565,1,108.94279862437779,21,4,0
295,8,0.6930976391056123,0.5166670410109289,4.052379089317675,0,5.969903124813639,19,2,1
179,6,0.7353826540372433,0.7152915955355144,2.972240542515663,2,19.294162063989127,4,0,1
149,6,0.07881002727528887,0.03689693965647018,5.542848722996758,0,147.68021322052758,7,3,0
629,19,0.21058062435494404,0.03425689145104021,9.736251357393655,2,38.609299112295886,13,6,0
929,10,0.1439540354177659,0.3195509411952229,3.301083010632294,1,46.71634430157414,13,1,0
1447,9,0.13148315690620585,0.10740901505826904,6.033372099737281,1,77.19490253341485,16,2,0
1082,8,0.18736231434302275,0.09905305601788147,18.3703871283502,0,56.16364738819004,9,6,0
3,16,0.7971267848544354,0.46844138283589015,1.1082325306491616,2,0.4000065865625274,20,3,1
1296,3,0.06605541530098932,0.2726034323629377,0.9312677457921802,2,144.38672316076807,20,5,0
1014,5,0.08134872505449126,0.1483471296268471,3.516226139794652,0,91.73350811149086,9,6,0
1745,5,0.037154553443241804,0.0382557562682093,5.2475231383739604,0,97.76201385663052,19,6,0
1565,11,0.03706642335681667,0.03045027244462105,7.792514567694816,1,121.61774986902873,13,2,0
253,3,0.2536420949277093,0.2776998733592493,4.681211573809413,0,178.7133803800687,13,4,0
14,19,0.2802129796086274,0.342853469270824,11.480763267428046,2,0.10670261305810311,9,3,1
1308,13,0.09007851933743921,0.2535798976047788,1.5957818776423716,1,96.30653005590167,16,4,0
846,2,0.13713263705513953,0.008963519577126617,12.775260733739563,0,166.3210485719479,10,4,0
282,9,0.02149499061180502,0.09528119428645328,4.556190873591684,1,56.95195824893574,20,0,0
574,5,0.1131543000124217,0.10717217531540166,6.972398677644228,0,174.52397831388987,15,5,0
455,19,0.29211183546401215,0.05856273867234523,12.500381108054327,0,122.11954450868448,7,3,0
975,5,0.29509017549858624,0.028185032434623742,5.02917749886767,0,91.13676530513915,16,3,0
1691,6,0.21603712019759871,0.033235944328544965,8.298752718802104,2,36.611394637914756,8,4,0
1503,7,0.158833714431266,0.08833371180728405,14.6801701933331,2,119.07496266906712,8,1,0
340,1,0.0690661613103727,0.007255368599426538,0.9782414099626054,0,63.10447959649206,10,4,0
1583,1,0.034172798369797835,0.18834204338745533,8.498798785964865,2,98.38528840123072,21,1,0
915,5,0.05090401100561442,0.07397301044250318,2.415662852396492,0,117.64965070111123,20,6,0
920,19,0.154486823701598,0.03824233201778228,7.724943576749389,0,100.77205090997924,16,0,0
1791,2,0.1313284643167795,0.14676695154319233,5.519659134748258,1,144.43582600120638,8,4,0
1728,15,0.3126131024722628,0.09586343721430375,5.603660408167195,1,74.6086431037433,19,2,0
18,18,0.5694722525408621,0.57004725118648,12.717536306226629,2,0.42681522137836614,3,5,1
1011,7,0.023610142964876527,0.012152091207189996,10.486103287289758,0,221.88421357843725,19,5,0
869,10,0.0315554285816334,0.06775384818859562,5.669672157331781,1,124.41592831336925,19,1,0
146,18,0.7313177345659287,0.7484508010576403,3.474081542717208,2,36.581548722151574,8,3,1
304,2,0.05634995592727473,0.0027253480298711293,14.076407678872505,2,270.1911676907033,9,5,0
102,3,0.10196213544004369,0.035739421088231596,3.8153838146442784,0,207.08954454837684,19,3,0
253,16,0.13062067579174683,0.011647054661606778,7.065532917208561,1,76.29717526392605,11,6,0
401,11,0.1524949633870028,0.07237304919862497,5.862319609509923,0,36.94832028999055,14,6,0
123,3,0.1923578145351621,0.31493091674427287,2.3550879413602654,2,124.36694402822268,19,6,0
36,15,0.7361805522971273,0.40921523336650745,1.6694793594732793,3,1.7784248649043628,1,3,1
643,15,0.1613297993784862,0.19696215834231406,9.515734371155672,2,103.99086381936803,11,4,0
577,12,0.10662870809552615,0.07419707476540545,73.3317076889019,11,22.08921061833179,17,0,1
169,14,0.6076018163055786,0.8726854203034361,4.929278964073776,0,39.88126258455489,1,3,1
36,11,0.1810844482779343,0.05914492917801606,38.61042124905684,12,69.89742003736865,9,0,1
989,2,0.11356180640300335,0.04378290411307341,3.3073125617795847,1,41.50665043507218,17,4,0
825,17,0.08775856665801833,0.09689602565820123,22.263488731718066,1,51.20075152633297,16,6,0
41,12,0.8222945151546648,0.5955102219040271,6.687509216855267,0,47.15452755475218,22,2,1
1518,14,0.10647174962996829,0.03968766075551755,5.022430074222448,1,88.53318610734804,18,3,0
335,13,0.2664687242862817,0.09531991749860501,50.87587993641055,9,42.67015116112802,16,2,1
1029,2,0.15774955217179754,0.003872083474814513,10.838466226824682,1,112.795668871274,19,1,0
31,15,0.780789214056102,0.20606601013429343,0.5512706496544894,1,1.895412533446694,20,5,1
825,15,0.07279296441864991,0.18248687532811553,7.437573959261095,2,52.372368556270345,11,5,0
758,6,0.07506494876301156,0.10130633187192734,17.45502827756448,1,114.74964723535457,17,2,0
1656,8,0.2728701763844468,0.21346510648573927,7.554415607630156,1,103.01832503231702,7,0,0
258,16,0.07348094213422333,0.035787563147105586,72.87906198153149,14,41.857877276862794,14,0,1
284,14,0.662186390409557,0.5951306321893793,2.4721880094122017,0,0.806051655540265,19,0,1
39,6,0.11012387857131277,0.05011624013528834,2.4290810887721124,2,29.569963087324314,9,4,0
267,3,0.29741145365620597,0.035581142259562236,4.6986072747505165,2,105.21135132064387,10,2,0
1587,3,0.30571770492295014,0.12248257034445974,3.169434421473465,2,96.08603346123999,18,5,0
238,8,0.8110633815688042,0.5089919256916753,6.948240752382031,2,19.196897830119113,22,4,1
1444,10,0.023355306395818443,0.14056408359166628,3.9081916603991944,1,100.58794700177418,13,6,0
1405,2,0.1427832423460088,0.0611346935626701,1.983087303223836,0,66.96947248711854,10,1,0
749,4,0.1406192195766709,0.001513844024842976,9.917427003345301,0,66.58247546965093,18,5,0
114,11,0.5520246323297228,0.6838561385232864,1.257759816531116,2,16.345344596630504,14,2,1
37,7,0.29571040002026744,0.07076910882682189,11.0062350971276,2,158.63713366908638,15,6,0
278,6,0.23352134467012284,0.056528741951770045,3.2811911909668594,2,96.17340018091392,15,2,0
1408,16,0.026549469262356854,0.005940985694201731,1.5860810272144534,1,121.03024534036999,19,2,0
725,12,0.15285706594641083,0.15654925732075806,2.148676257424853,0,114.18388082691884,14,1,0
302,19,0.04074000367630983,0.4396048097430296,1.767338242037543,1,51.5881132212447,19,0,0
5,16,0.3346233454303877,0.17694798042433682,17.801801510430074,0,1.5063137031284164,3,5,1
225,9,0.42346497056736254,0.009867736013869444,8.82290656197799,1,170.41921814033802,17,2,0
1330,9,0.20360873698182957,0.16168741859070462,6.547649465600059,1,107.00040211158374,17,5,0
1331,1,0.1266643914588061,0.2783230401290167,8.357430653428759,0,82.50394023168028,20,3,0
1417,8,0.2697756565679842,0.022563315841999124,0.1282081916132205,0,124.82746449010872,9,1,0
1181,14,0.038796426019767766,0.16681989309165854,6.701343927696991,0,106.02437167388003,14,4,0
1126,3,0.4076844221210473,0.08729463617509918,4.442987811096479,0,102.9451405980245,19,2,0
1145,8,0.12934802997608477,0.08099329740337441,5.8541764897483946,2,113.8963624826273,21,1,0
697,17,0.09865034319307645,0.1459773831100661,12.040302820855445,2,52.44974600380398,7,6,0
1757,3,0.05787891013184991,0.06126303656084203,3.1237630221858237,1,145.2292237109105,12,4,0
95,9,0.035187513926968846,0.040910278412059915,33.101107108732265,0,74.8419388161179,11,2,0
1440,1,0.05509104889186019,0.061478753395382474,0.04936906688476946,0,92.42854920533611,15,0,0
841,17,0.013867934053143927,0.0902199239286621,1.9145990995521713,0,109.2815239343286,15,3,0
155,14,0.22806685147857542,0.010923945835714452,49.587530211122385,12,32.473534172829474,10,3,1
1415,17,0.12844882450296086,0.09866067555509145,0.776289401475108,1,47.032498591573855,7,0,0
465,6,0.16667514283958262,0.11938514813921121,2.359887077031666,1,36.82968426356746,9,0,0
405,2,0.3585549472265274,0.22074927260822902,12.717683605411843,0,63.61611130795929,20,6,0
267,18,0.25960179524048405,0.06703371218369124,24.679949536319395,0,75.83224483359147,14,4,0
1397,10,0.08453647178370449,0.01715652119856713,1.983720085562567,1,54.99715402246337,13,1,0
766,1,0.053828490275419444,0.017223190196885427,13.680176247356322,2,72.72830869390592,18,5,0
793,4,0.08761532386324657,0.05237929387657054,8.62713639526159,1,85.82834555341263,12,5,0
68,6,0.4039992714077138,0.7121029357530245,0.8833115679798373,2,26.13840657669433,5,0,1
27,18,0.5096538869122852,0.40197933578131456,9.605915188944795,1,1.753329289372628,17,4,1
1666,13,0.2506227328086397,0.13710955465008204,4.455165334537704,1,161.46453589775206,15,5,0
76,3,0.07055738594046847,0.1097907977301952,1.8314846683307067,0,65.9653675941515,20,1,0
41,17,0.500709013480353,0.3917806340227533,0.37230272471618064,2,1.1915429272733287,5,4,1
1083,18,0.29187735873989956,0.2181936008041782,2.0128738898372363,1,111.6724375648107,21,4,0
39,15,0.7565454710399477,0.17576171244942493,3.4909253900423782,1,1.9341575286067254,18,6,1
1130,12,0.04736721914303978,0.03932854167651391,0.23304257349982666,1,147.1827844930486,19,0,0
577,19,0.16711409418260686,0.09484615334879073,70.65317705741806,12,41.534472515535334,17,3,1
1533,4,0.08840353767496359,0.02083324866554357,5.786516571622345,1,109.6752411251104,7,4,0
1721,8,0.3891230965898943,0.03382167249760348,7.289588355930603,2,45.638685166867255,8,6,0
872,17,0.2873221226599759,0.08341281354027767,7.509105884260749,1,48.67293188732021,14,3,0
1766,7,0.042788077320470054,0.06612987434267696,4.6110182496480405,2,59.014599199152926,8,4,0
1436,6,0.22016831596781994,0.022792159374631367,1.0227152669009176,1,122.8800931962808,17,0,0
32,8,0.11855312392557538,0.17067011272017335,9.432913594029968,0,99.3233485743019,18,1,0
11,17,0.5205494704986012,0.352596459954455,6.854444587910857,2,1.1408612251522006,20,0,1
106,19,0.6498184011174174,0.5246503461078806,9.761165289865346,1,14.419504256543522,11,1,1
1173,1,0.30051866839305413,0.34816077742203644,19.101135264622627,0,129.5781945447948,13,6,0
166,15,0.672651599205994,0.43992776146088797,1.4054836805715358,0,13.096803751742968,16,5,1
853,12,0.013278248854954218,0.24003396630556292,10.733596456568128,1,200.4315606654565,9,6,0
994,18,0.2627565684707596,0.11044797417593409,5.894081209334625,2,64.40443780271386,14,5,0
1511,18,0.010025255002380152,0.060406631271393056,4.416390707125357,0,139.50750988130093,15,0,0
1338,1,0.08066651129344128,0.18345665342581635,3.9939258432330176,0,75.0028498191825,8,4,0
1072,11,0.19005178191471542,0.09544250356703429,7.694975411941757,1,109.50377066778648,17,2,0
922,7,0.11637706463382363,0.15231921051703473,1.9171513363032326,2,92.37237609086503,15,5,0
1218,7,0.2564215454397186,0.027335640122415846,7.550709802985387,2,54.8401310307808,21,2,0
461,7,0.14648241423059366,0.19119995047126245,3.4601661952247253,2,59.84172481432857,19,5,0
383,17,0.0677601962985141,0.0032735917039758596,4.581463949986413,1,68.29166409307021,8,0,0
1052,16,0.06682255164721605,0.04956296154296235,0.987494275299393,1,108.75730932654758,11,5,0
165,16,0.30562507242369497,0.426669624028308,1.0795896899786779,1,134.81658691676816,11,4,0
1508,12,0.03105652444227905,0.15265495645024477,5.991459531606052,0,97.41934772291721,14,0,0
49,14,0.44644874974992976,0.10860602969980464,27.405483986302627,11,14.317816403258671,13,0,1
1471,18,0.10760332546548003,0.17775244741340013,13.932888676269666,1,99.67891654626504,15,0,0
190,18,0.15910628170436417,0.03842712034358147,4.635620075437224,0,71.09860289218338,9,0,0
568,3,0.3776616851610273,0.2537911795311856,2.457256568666761,2,103.07101786771234,16,6,0
1625,4,0.560086574014333,0.03356706974584017,8.403767231673998,1,116.27127620589553,8,1,0
1258,16,0.12183586478887881,0.04511722512581399,4.4937589451486755,1,127.4693206206058,15,5,0
79,17,0.6987536963454944,0.625455179230307,6.388689091648642,1,10.699289549681401,7,4,1
960,15,0.3650871082418947,0.2540719145263613,15.462133484793238,1,186.08443587848433,20,2,0
35,18,0.5283954309906002,0.2014847069560648,0.4400342449258614,1,0.6979501903991694,11,6,1
1734,16,0.3064511957066664,0.23437266330912807,7.562805389547073,2,41.3599684267998,20,6,0
1332,2,0.09706593514216595,0.1180905506757756,6.078897214466602,0,170.1787315992699,10,3,0
1356,9,0.07476263001589945,0.024860868837329228,1.8821170350841752,0,167.02684167930886,11,1,0
317,2,0.023437402125439828,0.20739334861469466,2.3774241425997817,1,65.9712418857542,17,3,0
24,15,0.5713522213538926,0.4967100660074126,0.3112376624557706,2,4.452261554012613,22,2,1
1709,12,0.03219546113404769,0.026054270381080134,2.2967583282788917,0,96.6891792340938,8,0,0
558,12,0.09447224344365408,0.18353318958382256,7.019333221579298,0,126.69625454406659,10,6,0
1454,6,0.28057348073169386,0.18836488932326523,8.125036572896224,0,86.17471844019124,21,3,0
529,13,0.4392980350626297,0.004711592865742778,79.74116037340724,10,35.86529332181944,18,0,1
366,16,0.15286261576586624,0.009102047618688342,110.77377127433218,10,58.93327592301672,10,2,1
1143,16,0.04843811601203998,0.21520335771944402,1.70032335819322,2,135.50108962252585,11,0,0
305,6,0.4765837350963597,0.06955316054215674,11.916316803246255,2,57.80904526944545,18,3,0
116,3,0.09820454784162246,0.07063949221077144,0.8486647374019367,1,160.14580401495235,18,2,0
1237,4,0.11147496135850042,0.1639232861275543,4.1203854136590365,2,63.41365432385728,15,2,0
1406,5,0.25624424112591404,0.053019310723419685,1.7327279566524272,2,130.3013617955295,14,3,0
315,16,0.4800635072515397,0.02171141452058045,5.297693899844327,1,55.14521855511127,20,0,0
727,5,0.3537262056753463,0.04701885114200749,2.461203153462508,1,153.30032738875443,17,0,0
1074,6,0.08245910508098543,0.03322678825052745,5.429253100583096,1,122.38494720503071,15,5,0
106,12,0.30970566582533515,0.07743890918201292,77.95702863342622,14,19.87116649624914,16,2,1
349,8,0.3466335311872866,0.12602753111763726,0.4865111738513111,1,147.31201128806478,11,1,0
263,8,0.22125528088177346,0.06337526812219914,4.53535150354266,2,85.07081153603103,15,5,0
609,15,0.0870781686310985,0.12546086046434426,2.47268462139635,2,137.53277725631634,18,5,0
554,15,0.23840622284953075,0.16242828852213292,36.608684962104064,10,9.200542349280955,16,6,1
1686,6,0.30233667245851414,0.24038199982375,8.676226148609778,1,122.31651874018178,15,4,0
678,3,0.08835508240283368,0.0734815212235237,1.3861541842915595,2,101.7965645007998,8,2,0
358,3,0.1598898231322757,0.13729927817052887,0.7582830211618699,2,69.62027562815217,9,3,0
438,3,0.06734208594312571,0.020250049868676623,5.8951996498115875,0,83.13302159597089,21,5,0
23,19,0.39478503452834385,0.33830500782816153,21.30881965960278,2,0.2549663278478317,10,6,1
40,18,0.818631206070804,0.4309562183037362,2.967779779862308,1,0.9053399503410078,4,1,1
752,16,0.391881775354442,0.17120007455120012,1.4863979237285252,2,106.95013677882436,17,4,0
255,10,0.17407886644899803,0.001492885920016831,58.86350360887222,7,80.44639870405935,19,1,1
74,2,0.07470112636257957,0.18156105293423982,4.68058545338071,2,105.80296686527024,7,2,0
1764,5,0.12152098892450734,0.05522443751494889,18.600538243535272,2,98.9734779641144,7,5,0
1128,12,0.1137552155383213,0.05464420357742781,10.084100326883336,2,65.55630458379372,15,0,0
1379,13,0.20270741144626117,0.03701103697403769,15.262057740065705,2,100.00835776260831,9,4,0
226,7,0.1572391584188287,0.016986239853167714,2.4431274489286094,1,46.89800370632519,10,0,0
1494,13,0.06710784533745724,0.10341368501825722,0.7338028328582442,2,141.38005559377777,13,5,0
291,13,0.053031448464782985,0.13851569082915827,5.3301075459030915,0,75.66928282427226,19,2,0
26,7,0.8227986691214807,0.471015080312026,4.8163364890109275,2,6.882949622029796,15,6,1
1176,18,0.21577208946073956,0.14089548300327,2.0516193714945157,2,81.15180172338941,21,0,0
109,16,0.16335819757065753,0.1078232173352702,2.308776888174059,0,136.295849469394,15,1,0
1779,15,0.13500181135981493,0.11962707724427758,1.9443459893386608,0,95.70023715453328,12,0,0
1553,12,0.016386124663283635,0.03141963983158234,0.9866723599087235,0,59.020868278295524,8,5,0
705,19,0.06176400662481428,0.047875659178105476,10.649672066554118,1,88.39918262795237,8,6,0
1148,2,0.261522665147508,0.24702773099406042,19.271614734992603,1,40.8648031287652,15,4,0
443,16,0.2886789054306948,0.032679551078660954,63.33443938453603,8,20.745962305477875,9,1,1
70,18,0.149321000557079,0.06027613554720169,4.510912608945727,0,68.60567571528239,21,1,0
909,7,0.12156608331771766,0.09383368348367005,4.301177798359117,2,104.83586308386366,15,4,0
620,10,0.05331838410922575,0.18043053490846206,6.0978685416780465,0,42.6298569469982,12,5,0
1332,15,0.27360298016417006,0.05231561539997655,12.495265816872724,0,91.91159984760547,8,1,0
111,6,0.4476530722921916,0.5638158179745791,5.649246387172942,2,19.146117868073173,9,4,1
1577,15,0.06667820090762866,0.155264466820923,12.619051104669362,1,67.3307167033947,8,3,0
353,2,0.1707673555967561,0.03064597725980337,6.020082828829741,0,159.80854226879902,8,0,0
115,17,0.7597035278988341,0.4217901483415417,0.8387718878578942,0,33.40038383499893,14,5,1
829,17,0.17959875809198403,0.004478225335666769,3.031311186418948,1,173.08492503984496,8,0,0
443,8,0.15198783502771374,0.20959592194463889,1.9514609755652712,0,136.89362415108874,12,5,0
1765,2,0.04071181681482816,0.10770756183816929,1.8790758458812022,2,43.98258241098951,12,3,0
209,10,0.2837964742317257,0.191405063534378,3.3334542370057343,2,53.42440666317832,13,0,0
280,12,0.1253133678728315,0.032858002923282933,1.9971346560886558,1,86.10550503825543,12,0,0
821,15,0.1839405947503225,0.16897257937759227,17.4184276955452,2,118.65608859574394,19,3,0
954,5,0.18987532067120544,0.07930994005152499,7.856688122285263,1,62.01595135307238,15,4,0
322,8,0.17926382948738429,0.056773630258591105,7.191455780502377,2,87.84643473477516,17,2,0
1583,5,0.20634422641824499,0.09148658231321692,7.375139743819297,0,76.83091134839933,19,2,0
1417,12,0.19457184756085846,0.072010362368752,3.2826365132893356,0,35.537181607108266,12,6,0
1074,14,0.08300756314578948,0.14619621945733527,11.12525815593835,0,86.64179645029003,20,5,0
1717,17,0.2783764977017166,0.22270476230578926,5.403721248083295,2,165.41032400558566,19,0,0
47,17,0.8021807173489909,0.18312208507212077,1.1864253438038583,2,1.5167439707062569,2,5,1
1348,5,0.054000578680043515,0.0019157944062801009,5.938487720231287,0,137.60966476741083,21,0,0
1102,8,0.17244628669189307,0.12651606212299846,7.979694583695929,2,120.99636141492397,17,4,0
597,11,0.1371028197760147,0.13338049220088194,4.206633664787828,0,136.13227877627082,19,4,0
57,18,0.3316877251936177,0.4699554154314326,0.5925168451483849,1,1.3414030863113346,23,1,1
688,5,0.19875110512617908,0.12383853723231612,9.54173911537969,0,116.58591638861128,21,4,0
73,17,0.17814118152794367,0.14661755834640017,95.43898811027628,8,39.08966838720957,12,5,1
72,16,0.12827120983784346,0.001660115005587282,8.220172887984338,2,79.05343994891427,12,6,0
1716,14,0.37417790098837417,0.15865796999049464,9.548783190211358,1,107.9364945332096,20,1,0
1224,5,0.08602036999908055,0.05493497432737795,4.828725476050626,0,91.25228181805997,8,5,0
856,9,0.43357440462906655,0.17059604588963923,11.156202956258676,2,109.85641603970528,12,3,0
340,13,0.03172526562675157,0.03922676119630542,9.295082686852519,2,36.0283520869817,12,6,0
833,17,0.3454343190911641,0.1839588806788286,6.422945841569098,2,49.78086928447326,9,3,0
182,4,0.13149752704797188,0.07472792671240877,13.335046199698684,2,101.71532800651677,16,0,0
131,4,0.14890512558869323,0.24389932673879067,3.810623061305782,0,104.53692514728586,8,3,0
49,18,0.6921294643053708,0.43780441462006187,1.1262647310807745,3,1.4169573310738923,14,4,1
469,14,0.10001833443577456,0.1264495063275391,70.46100014154152,11,28.16765036800461,16,0,1
115,17,0.13374797412987532,0.12744816441402837,20.83701340903329,1,91.73876291934513,19,0,0
17,16,0.7420973964725446,0.6673627578861345,2.918922274820445,3,0.3788223389548472,6,2,1
846,17,0.09561012428158805,0.35240222233293994,0.639143344956573,0,113.91607060390653,10,2,0
1639,7,0.03153940320330616,0.2087114523416292,5.0185564758289525,2,127.7355262513067,14,0,0
127,12,0.24438089004540803,0.07271276882792505,1.169727826954216,1,179.14180833794512,13,3,0
470,15,0.2731152838629885,0.4021301846083942,94.63504238712133,8,86.7836579676501,20,2,1
861,10,0.048674802830540695,0.05331077842707125,3.081705536909709,2,113.0941922443214,8,2,0
1776,18,0.03422858655277693,0.045249266534465954,1.537731305077757,2,160.07634165308434,18,0,0
26,18,0.46533499635246395,0.5304597489116878,5.934569594409337,0,1.9124200320215916,17,6,1
882,18,0.16683289541567528,0.09238426309079152,7.410076934293718,0,156.34265529122936,12,1,0
240,12,0.6299828592397312,0.36010264632753125,2.3990575910673897,1,36.54611957054708,11,6,1
1515,1,0.041798526025720074,0.0778518559877745,13.45202440953833,1,101.22064078593843,16,4,0
1185,11,0.41175710989973774,0.06166750997151745,0.6416495859390554,1,213.79746794464498,13,1,0
1681,14,0.06736736731841453,0.04380674678491106,1.89574317287514,1,138.5990416923454,8,3,0
362,19,0.30691208642523404,0.020312201234298447,3.0323651032890586,2,70.30851597299589,12,5,0
1271,9,0.1344657998660001,0.030301247744282164,11.682459201354254,2,191.44664573745231,15,4,0
1222,8,0.23325623614369084,0.09434137392904166,7.096823209717842,1,59.173769484984575,7,1,0
1170,6,0.06960915624597087,0.003910495096423409,6.567457976850715,0,56.82641738670351,11,6,0
1775,12,0.15199677589903965,0.22727032828428748,4.796584393293969,1,36.73414703791137,12,4,0
134,10,0.28843371057687034,0.01807923322247232,43.4406952419582,5,31.53269197923307,8,3,1
549,17,0.0724989562558203,0.07516525065995004,74.78114700278091,13,41.0937698922032,8,3,1
52,6,0.025427152722132758,0.16026716598760327,2.192818631082458,2,157.45666845880112,7,5,0
1681,4,0.03391219192106758,0.002274298909632866,3.6360902873440737,2,91.294230209424,15,4,0
970,16,0.16363625833765696,0.027186278675498877,4.220099833810005,1,118.0267046658612,11,6,0
415,16,0.04046537041863187,0.10622780087004027,3.695127942199677,2,55.2321305167317,12,3,0
1,15,0.7384805537342546,0.11350677187841911,7.165448181978695,1,0.3267356476539125,20,5,1
357,13,0.35369215148388294,0.04169298787618598,1.9558915344041248,0,103.73247251188022,11,6,0
526,14,0.1720761023869915,0.19189750848639364,7.6491163318579805,0,159.50436866940584,21,6,0
745,14,0.03475871447556364,0.16550063668812484,7.230569294078324,1,102.18938833294575,9,0,0
1707,3,0.07157112526968833,0.022367352647528625,8.153329025060504,2,20.16056765067797,8,5,0
258,14,0.007739903494252898,0.12687844497320092,8.858452000701513,0,159.10939391863306,13,2,0
1338,16,0.06964762533550412,0.09947458355218869,7.9793788476955525,0,124.7841225666644,15,3,0
1718,18,0.0464849270767535,0.0854422969178064,19.088089758214284,2,148.7100017771957,12,6,0
1540,8,0.3758294215525123,0.16348411175197775,0.2742473316483424,2,113.44887856389522,10,0,0
1651,8,0.12712830267368944,0.04465530815818608,3.2995773529269177,1,120.94484011172311,11,4,0
526,6,0.5139840885786232,0.01691687623675751,6.303452856496215,1,101.7381257165612,16,3,0
215,5,0.389631553425202,0.10155031531040713,10.993679963084592,0,167.98935172973998,15,0,0
120,2,0.23022911684439556,0.34250669827734453,7.792899941224201,2,100.49791137211753,11,6,0
1188,15,0.18989693882078926,0.1517114917273928,6.607009262294042,0,100.27819476128394,12,1,0
1668,10,0.12060535970427105,0.005718623359990387,5.9095860223184165,1,145.48127483153863,21,4,0
267,6,0.6797219006227991,0.4842516934515438,2.853966544075349,0,14.843904723259962,0,0,1
1716,7,0.18529704438714945,0.01363926984012175,10.790040632557368,1,125.05947237790085,7,1,0
272,16,0.25447306088498506,0.04900675854918305,135.30149320617147,12,89.0389791163926,7,5,1
40,18,0.6850356329505456,0.4901944665100905,1.5723941340212801,1,0.22392330021273832,15,1,1
1704,15,0.10113627879321795,0.03751733632214285,5.699228826530879,2,84.84681649950197,18,6,0
1058,11,0.20805923513211325,0.25140295102887306,20.859480221710466,0,138.8906254465059,21,0,0
1333,10,0.03249333658621579,0.04912496460683558,6.524074659362785,1,93.4338730723894,20,4,0
1195,15,0.31076569176307195,0.014048901799864072,13.894722204997178,0,133.85999718354495,11,0,0
120,12,0.33120749599843174,0.10022574035429596,7.135606231499688,1,57.48919186701617,12,3,0
70,17,0.38371535036066595,0.05920795205156269,2.6841976278094766,1,35.86992619642191,11,5,0
1307,4,0.07077559941610742,0.21034126226356786,13.660964369148827,2,110.46811464317891,19,2,0
34,16,0.4290859981566063,0.7819114526419652,1.6229191977314483,2,1.3833989152151145,20,0,1
1142,9,0.14580260297634065,0.10243680000866454,26.587926795560733,0,98.0306880712107,12,0,0
39,19,0.7685382324920317,0.4415799717131578,7.367161478264186,2,1.6962330756328914,22,4,1
1529,13,0.09317685275394257,0.18515218087464302,0.6911941885682439,2,81.56915020459466,10,4,0
151,17,0.5139212585076084,0.594367904479234,9.568993098878126,0,24.288922796484492,20,5,1
5,15,0.5188486159943694,0.14800133272946833,5.671771358727157,2,0.5841991509157098,8,4,1
422,6,0.19626366149312693,0.032796495980590055,0.5251680096453067,0,27.893409983426597,18,5,0
516,12,0.6654320873214141,0.14935247180697844,34.358955246882104,9,22.93815219845978,21,5,1
141,15,0.5314976634461849,0.46655964114851495,3.5637135047934567,0,12.007991840100871,4,2,1
32,19,0.8376874145344612,0.35790751922175157,5.5209801317489005,0,0.7419568213429916,9,3,1
23,15,0.8374529217619054,0.47393045814829077,9.530341382942755,0,1.9346352275230179,12,5,1
621,13,0.27562501762190245,0.3396115782197969,3.2896735398332306,1,44.489494391234636,18,2,0
347,17,0.37647261252638814,0.04997645957987112,3.5299175306722557,1,86.65103058664894,18,6,0
263,19,0.09716125914693981,0.0768933860315308,9.077541342198298,2,149.77052145796736,11,1,0
124,3,0.13516191023152024,0.0884238388874018,1.9419873551282403,1,115.6371426686239,17,5,0
1274,11,0.07723219695051362,0.22233273039021534,9.261559390582562,1,52.471233685138074,20,2,0
1336,9,0.04610870143906549,0.023133484013949695,1.149826895235375,0,134.32262720913155,9,0,0
1208,2,0.050667393953617856,0.10960126800249478,2.407478491825021,2,197.7918013885183,8,3,0
1436,18,0.17040264386977916,0.0020175655322312662,4.770448800979275,1,76.93833903136725,12,0,0
1764,6,0.19747229860954835,0.221151284833933,4.90533474602439,0,88.79961705296839,20,4,0
1216,2,0.15603764557788236,0.21007558648192187,1.6067786907799115,1,85.7777601499297,11,4,0
212,5,0.019691586241116464,0.10873910434383675,8.957675665508214,2,137.49979289319649,20,4,0
23,15,0.5756304422002799,0.5159574106150447,8.293651804593495,1,0.1263291895898257,16,0,1
1421,10,0.10229425161832942,0.0889349153015893,6.3842876430576885,2,113.229942759431,21,2,0
1650,12,0.14501254768980137,0.04997174497233549,7.648194764416969,2,34.23936158056956,16,2,0
1678,19,0.4188243956577282,0.15472529170549823,6.958215553661292,1,82.95306794851726,10,4,0
1711,3,0.2336857788212421,0.02048404841886597,0.2903638380130703,0,37.01954741587138,20,5,0
190,13,0.7397529834362241,0.4831085748352174,0.14648605142803828,1,7.342960957543693,2,0,1
1272,15,0.1488848538467091,0.025796263574986402,4.619997567026549,1,109.97843532777014,19,2,0
753,1,0.03098031686883126,0.005221391472912946,0.9361713961065071,2,153.99124432025621,13,5,0
1127,10,0.08293586906408425,0.04425943535454104,4.4275170016185745,1,78.58200060535147,9,3,0
479,15,0.1901800183259638,0.15053881931710106,54.07239469373165,11,54.65520025882001,13,4,1
526,8,0.19802597759465707,0.09861966231603891,5.061966293789602,2,54.90032447677527,15,2,0
107,19,0.08634283470219757,0.2376097396616334,69.33280538180621,9,31.67237741456259,19,3,1
1611,1,0.1101551943042456,0.24373778115460654,6.919835508880913,2,112.37835145897225,20,2,0
217,14,0.6724664772010667,0.5652772973655151,0.29845340634064477,1,29.54255935771083,19,3,1
910,6,0.2849644122964687,0.4972814623913972,3.2939918593041386,1,87.61827249494493,18,1,0
1184,5,0.2804573846585321,0.14280485339164598,2.407555743805423,1,83.40830676297571,20,2,0
969,4,0.09522359180785694,0.08370791551074211,0.5879074168013457,0,76.00020675131576,9,6,0
960,5,0.04334778520836891,0.02143488639957783,1.4790561074390816,0,64.9461959373921,16,6,0
378,13,0.060933022687957895,0.014606710820475452,2.316963057141895,0,53.93189175941145,9,5,0
1770,1,0.3842917875024852,0.15261320339851644,4.157932952041869,0,48.88212102644097,21,1,0
178,7,0.30370552069038886,0.0065918180863961,4.168971234791589,2,120.4126215341683,13,5,0
704,7,0.13137058631523427,0.08804396601583057,1.7527823758881866,2,189.7757172583406,14,5,0
277,15,0.25275272503488067,0.1881042410297594,0.6446991242053376,1,100.86721630333356,12,6,0
1216,14,0.22089757890914588,0.20361242345316463,3.062767385172567,1,55.52312140256422,12,3,0
629,14,0.016108871280716724,0.03542581398802964,6.647732592609697,0,62.85188474463125,21,0,0
1252,4,0.15109153516333965,0.054899580859871955,1.4353396405898708,1,73.63379718341355,9,4,0
355,17,0.18049169315200111,0.015993165772496036,1.4795906817570614,0,50.86089382285407,15,0,0
287,17,0.5833974502944391,0.5021229072876631,0.31817922010395483,1,21.799688359646204,8,4,1
1244,10,0.04812546865513296,0.364667294849585,2.7271353121811326,1,68.9283585344812,16,5,0
615,11,0.23838250395515664,0.109284881969143,3.362679352033045,2,43.417150683671565,12,6,0
1154,10,0.1709284249089763,0.11032752602839828,17.927428185177728,2,57.491712076751355,8,1,0
1406,9,0.06003448408437834,0.0704888329012989,0.8769832419691977,2,147.88516658863932,19,3,0
967,7,0.1314123183965301,0.0955941056026745,4.49408533282384,0,57.23378474223969,11,3,0
813,2,0.24049374659385772,0.035906496221951946,8.30326330633057,1,78.08623821489799,13,1,0
1201,1,0.16092482408909894,0.2359167509263858,7.735018345583407,2,93.67682707879284,15,5,0
1491,9,0.2840506553080968,0.05105233844716533,5.0162242907884025,1,131.47819813344339,10,5,0
606,9,0.11686178799224842,0.01630472285557822,0.5068360619173966,2,62.186497379375886,12,3,0
1763,17,0.11731346030757477,0.01071967952051202,1.116207328582314,1,50.05094870804715,10,4,0
161,10,0.04183734515136596,0.24844949645528472,0.954709363567542,0,159.79064906351323,7,1,0
1306,16,0.29262825084859706,0.017045144420378893,8.332389022982904,2,79.68947145957276,15,6,0
1234,11,0.14096826337578192,0.05971195958690467,0.28019626637785006,2,118.30424410450317,13,4,0
1300,7,0.22101284258372003,0.172998000014982,4.856066415734795,0,58.605309730670676,10,4,0
1080,4,0.07012508866573625,0.014814446552958747,6.465593285603972,2,154.5111446293394,9,5,0
720,9,0.37061664694226076,0.17944287588597913,3.6574492521338944,0,52.388046661674394,18,6,0
1097,7,0.03261017519846848,0.04198171098680552,7.952969602945495,1,104.14155498766544,10,3,0
23,15,0.4374481367396592,0.462006085038015,0.7340304694894055,1,15.068989025856174,9,3,1
923,5,0.015533298221579638,0.04053572676564748,6.107083378986207,0,145.2822758594941,8,5,0
844,9,0.040851485759553184,0.1435313604294038,2.244351048263267,2,207.65497872718288,17,2,0
1351,18,0.16425408259053306,0.048653151401393833,4.990210558040284,0,177.85113291609431,12,3,0
974,9,0.13107923147604478,0.10223472542432442,6.530779343758785,2,68.02161819062626,9,6,0
109,7,0.1688612930225304,0.07390814872264155,6.1825702768230055,0,127.34295408329614,18,3,0
206,5,0.013631778382909335,0.21749359415521086,2.9163189881703984,1,86.27643835923969,13,2,0
208,18,0.6204473105232262,0.7862820810594192,3.901428275482624,0,9.76855374847585,3,3,1
1232,11,0.03806271697387235,0.011383461078063959,10.035285404197959,0,151.11387837271664,20,1,0
1494,16,0.17852969073826566,0.053780978406581983,5.719093027517628,0,66.92938504260843,12,6,0
228,16,0.7044434967154551,0.21751550321727617,5.125380612928919,0,10.706162564751121,17,3,1
174,8,0.35227844872155917,0.3128969770486875,1.5626450699456254,1,65.54659899463319,21,6,0
201,16,0.3536129641215624,0.01878521286172973,67.69873401494704,12,69.68510193159027,7,3,1
480,17,0.0816028006058977,0.01651021628321215,0.8639308116781839,2,129.96219855536685,16,0,0
117,7,0.5419892034169062,0.7129663259553062,0.3537070990126506,2,6.599082256956461,5,5,1
1272,10,0.20359621678439377,0.1507367742376221,5.4210010652610565,1,105.16708496947695,10,6,0
270,15,0.8950640252923968,0.5496617474854596,6.96566320581546,1,17.807885336824228,5,0,1
370,3,0.1559572168434652,0.018536109619909993,2.5514886813771027,1,43.24241880115949,10,3,0
1740,1,0.6155659779703575,0.10798699357952267,9.064349720293217,0,87.38948436608702,13,6,0
545,18,0.051064971159325886,0.07159539632679938,4.752422742337603,2,73.6392429520201,20,5,0
1187,9,0.0988006800724623,0.0686997469013162,2.4792993113731976,0,91.77620530658015,7,2,0
853,8,0.06097598555090299,0.14442183222075886,9.622958152401235,0,60.054021152648964,17,3,0
29,15,0.6736548694533854,0.22732181734363777,9.787159138124942,3,0.8843168666581985,0,0,1
386,17,0.08894816031918046,0.11625463638145721,11.149873494947713,0,229.96253904460923,16,5,0
1557,4,0.16319591207646095,0.1491588363677699,5.382114669846552,2,183.4772622602314,12,5,0
572,1,0.19024550590088912,0.30692296777985734,0.64854443546937,1,107.4015716481645,11,5,0
402,7,0.24897653767585545,0.03198647043597604,9.713342437260462,0,84.7360205960332,18,5,0
388,10,0.08438615506457546,0.1133293371849447,1.4290635310884674,2,38.597408363008064,16,5,0
511,13,0.2186392263351645,0.1749695193529582,4.896023870461408,0,41.05127422127178,14,0,0
336,3,0.03167584863993569,0.13477835155291157,7.225504593971246,0,44.2527338749521,12,1,0
529,19,0.21127831414752288,0.10071083002833771,20.366183882637134,0,203.8668497480525,13,3,0
512,16,0.11715058077365362,0.010045267757798675,90.1443776854871,11,11.484528712534015,10,2,1
28,18,0.3113664296403238,0.49151442894725506,1.6864098679597375,1,0.4174147244031087,20,2,1
708,3,0.1557515796498438,0.266643317737794,0.11918899176696465,0,136.54254647530203,7,0,0
425,17,0.12503283141188745,0.030774805588625314,1.0704140517639429,2,108.02257809159579,11,1,0
664,10,0.08550093517201332,0.01890211907714614,0.7589302462471654,1,40.257325446507906,14,4,0
324,18,0.15050663197128283,0.06351838393262961,45.40958855911224,14,15.68513853929517,9,2,1
106,1,0.2943003696350027,0.18963462000418513,3.39345540586175,2,37.56227349286925,20,0,0
1164,5,0.0766607123650377,0.008549257885969637,5.815468184441594,2,19.01561740821828,10,0,0
841,18,0.17020341432376854,0.034649657783464446,0.973027159879185,0,72.29407652426393,17,3,0
770,18,0.27668445748917647,0.1050484607077764,0.39997600870965005,2,106.30369670609406,8,2,0
1288,1,0.17015105665038968,0.004838544992621377,0.2314290250743448,0,56.30392896654329,19,1,0
1265,13,0.06131042708192954,0.21283655701187804,0.8522503258837619,0,137.3518079930023,9,1,0
383,2,0.013908202951103428,0.14480930852733367,7.186062217355772,0,122.98031831379647,17,3,0
490,19,0.0564195182831391,0.14368800743884869,5.332060475821047,1,65.99089876718881,19,3,0
1541,17,0.1409075089962236,0.039800538136656356,1.1442715377054602,2,145.31001355513092,7,3,0
189,18,0.14042783513845902,0.049060568374118166,3.29401927099641,2,70.97882038149741,13,6,0
1206,12,0.14478958053489002,0.03685958913860651,1.4612130008723325,2,120.08317103442022,18,6,0
1530,6,0.13500420035318364,0.017946824446677567,9.422088819429886,2,90.33038854097109,15,4,0
1289,12,0.3468888830314789,0.1483896819400839,1.2105987193955496,0,180.84641935992528,11,5,0
56,16,0.4947468075481005,0.38435184913746323,7.0906796279047875,1,1.5032707982943314,5,2,1
99,6,0.04582480525821668,0.10714119163146157,4.663535113985785,0,43.18644570694011,12,1,0
1294,12,0.1336839718743637,0.16517757305286876,3.443231636784031,0,122.13877076700244,19,6,0
1049,14,0.0454088907739295,0.041226196210152756,3.0478615226714934,2,171.259838057106,17,0,0
1230,3,0.035632676119300044,0.013047192761979106,12.875894337727564,2,50.693770113843314,16,1,0
282,10,0.2666708204133173,0.22058302958138204,7.897020022545747,2,79.03137830610672,9,4,0
926,8,0.16688788293040122,0.09304351485048447,5.870775204172467,2,151.2647353994117,13,4,0
779,6,0.2492181243877388,0.10668050897311865,3.1887466425529665,1,115.28681944116559,16,5,0
179,15,0.1059237145430865,0.02290771479037537,60.6239583078841,12,87.3394775554269,9,5,1
669,19,0.041680268810193044,0.02070701976633492,2.2118746358765993,2,113.49072131295257,17,4,0
951,8,0.19514298824733348,0.06392277433197967,15.791549006726994,0,96.3049519223162,20,0,0
1318,2,0.041139706865418936,0.0452526858407997,2.1353534027323553,1,127.86136189310403,21,6,0
849,8,0.0795602197513186,0.06238598593616683,5.515262032345076,2,26.51586627748634,19,6,0
157,11,0.12972060539312325,0.0808503742039008,9.667504571065235,1,76.81063214665568,15,2,0
1758,9,0.06128782167017694,0.18948710288291432,1.1390885715191028,1,124.03289664484534,10,6,0
48,19,0.2029532822856,0.02458577124643244,29.027847128901634,13,37.45963074308558,13,4,1
2,19,0.5576366647758217,0.5571453726768734,0.12172467812332563,0,0.20601382502414312,18,0,1
1498,5,0.1171962810670337,0.02567715416432462,3.2983875395645663,1,83.69598235935469,18,3,0
537,13,0.19469423223684032,0.006944484926712572,1.7471184658673298,1,74.62575125098883,9,1,0
188,14,0.14909535835761503,0.3699698844683927,0.5101918880435073,0,117.59110022495113,20,3,0
388,16,0.055504142394887955,0.09331110798919487,3.649859601218227,1,99.3110765378409,8,2,0
466,15,0.16039825670723057,0.0032487449834683393,5.836055863677576,2,118.8622648672868,15,5,0
44,15,0.8363320095140608,0.4143898865526319,4.105747578902411,2,0.3125932996898274,6,1,1
516,11,0.12270589276833743,0.02505300884499965,0.30196682021995747,1,84.21950132917745,10,5,0
1146,16,0.021896004100590397,0.10475519021207226,10.615210400079288,1,113.59184768788472,11,0,0
73,16,0.30950317395405896,0.04520658539808567,39.47454906113697,5,4.06416739101978,21,3,1
32,16,0.08026821826532056,0.04972368252902866,61.88730884811959,11,48.615568263687095,14,0,1
635,3,0.0357695826438641,0.08215027453905985,10.319078082004694,0,76.23812725691765,21,0,0
827,6,0.04687395037617778,0.3023802990265177,4.809720230291644,1,103.16286196904764,18,0,0
593,14,0.012201333154392082,0.14004647059895137,4.645858974744201,2,149.55951511882196,19,3,0
916,19,0.1270499690422172,0.12347167041779884,14.000643001671564,2,72.76197996311544,18,4,0
708,19,0.07379608107353085,0.07891190539780137,2.150461424588301,1,164.6047426857139,11,6,0
965,19,0.4949841441052994,0.02833276091232294,7.830216751967556,2,110.20659460044027,20,2,0
1151,12,0.22576609890275542,0.07839131250001137,15.73865018075126,1,170.00725836612827,11,6,0
1106,11,0.10942174072325563,0.26451854483327736,2.143874757573385,2,81.78599720396764,9,3,0
1238,17,0.3121727759390348,0.031832923451910466,8.715191589231857,2,67.5367694679545,7,3,0
1459,18,0.1695646619495111,0.013907474502339857,14.082399795641727,0,222.32761762030339,11,4,0
1574,12,0.05744628750813779,0.03222665744681141,2.9452485227714287,0,92.0901306133452,16,2,0
508,11,0.2585245391011829,0.03655222279682064,7.054013302416237,0,51.894574059648775,20,3,0
994,19,0.3664482318975658,0.077357406936698,4.640428415012487,0,140.79087545805976,14,1,0
107,9,0.4153649978306635,0.36876667901906285,6.153909022636239,1,38.55398881940492,17,6,1
1046,9,0.10454252747343863,0.13439878912457723,5.279610236588972,1,204.3855118293027,13,5,0
542,11,0.19136083634014606,0.02316280516438348,115.79448729698933,12,75.6812751159923,12,4,1
85,17,0.10409611480098023,0.07020493429035728,8.984886027193047,0,30.797881346935817,16,1,0
334,17,0.05268912855306791,0.16181257175929067,17.946943392889313,1,36.21458782348961,16,6,0
909,3,0.05438179922534663,0.17910431562532347,9.210914680813477,1,82.6066911910587,15,5,0
1484,9,0.22805012006685751,0.014367878542862202,11.669056487564115,2,131.22712951887922,15,2,0
46,13,0.24982957600040895,0.22248896286170838,114.22282419336311,8,27.793875240108385,12,3,1
1707,14,0.06350044460779143,0.14543394191491585,4.571423658375915,1,160.29093250354242,9,5,0
1304,3,0.19349590887407545,0.04927605656646722,1.5813636881537771,0,157.14633934719382,14,3,0
559,6,0.09475336973483751,0.174352114443852,0.6383947143351348,0,39.86572746166467,15,4,0
1678,14,0.06396579835274603,0.19142692711204454,15.658274481840891,1,50.32369196508036,11,3,0
1208,19,0.06582541155657379,0.12633843182261653,2.375756618882227,2,97.99653251233302,9,4,0
816,11,0.013046839643273725,0.22181789576813232,7.800138433490058,0,82.60345434368838,12,6,0
1022,4,0.1896275037619654,0.16860403838015803,9.664647160685993,1,158.05710296010704,8,6,0
655,4,0.10830550615221833,0.1046809480998445,3.050160540314649,1,111.40302870542648,20,1,0
135,13,0.7174012043899164,0.4699552888514606,0.943551095868097,2,13.547907072849998,6,1,1
1283,10,0.17043361324321768,0.03449980805735206,4.65480362440598,0,152.26808203412233,8,0,0
273,18,0.4413388262293953,0.3024367375112312,0.6779188397060893,1,14.726562606688953,16,1,1
370,19,0.3015479157152273,0.19098245954693627,45.011292386895704,9,29.031798528151107,11,0,1
1120,3,0.25311586384871976,0.1224382312869117,6.028322103508713,2,59.32227453555334,21,6,0
1316,14,0.15988456175101715,0.012089142390717877,13.559854498808106,0,179.7116540678581,17,3,0
36,7,0.9438739736053734,0.7681306431756854,0.2431133421953725,0,23.715436900944823,22,5,1
1043,4,0.1125999942133885,0.0013733177202221003,1.4755327819308743,1,111.59588859568493,17,5,0
482,12,0.042335415388307256,0.07085768734464959,3.9911360810888312,1,100.45766968965185,21,3,0
461,10,0.06295988782541295,0.2845069121136711,0.9711405932683087,1,132.66719714998783,11,0,0
1285,5,0.12711560870531458,0.018119874955722697,0.7967133509135006,0,195.00552114129374,11,4,0
1086,14,0.060411519015836426,0.07769326961894919,11.402065939657959,0,36.40077867187593,12,5,0
542,12,0.18985078992249316,0.350117746572284,3.8410532298714526,0,221.54179222958615,8,0,0
1650,14,0.06727819078467775,0.012471378210012438,5.8614553535318645,2,55.036599585914075,21,4,0
697,6,0.12870928535461892,0.18814410343186724,15.984481220745241,1,143.32696574977564,9,2,0
325,13,0.2083567888070701,0.01528808980971586,12.279267366861568,0,92.82442776659659,21,0,0
1319,7,0.17295606815606124,0.0762255220666224,11.378261553184194,2,74.0910973711544,12,4,0
847,12,0.09109112518604973,0.021633089278760703,10.193584029719938,2,56.700740744436764,7,6,0
957,7,0.023791275467810628,0.06447125689870851,15.351343796556108,2,77.0403078405323,10,6,0
742,3,0.41911357559967627,0.07271185898764132,5.921740106493357,0,40.817682856205835,14,0,0
743,13,0.3788418914301719,0.027495718632368084,9.17802735674849,2,78.16682947830034,8,2,0
121,15,0.04017036882794653,0.032837050248688014,3.921761617835096,1,185.31068794243254,7,6,0
1665,11,0.13559654032933813,0.04280938028823148,5.6409619766380175,1,74.6831097654364,7,5,0
205,15,0.21519877665038403,0.23141881709383805,2.836296023863779,0,92.81885657663685,15,4,0
762,9,0.21815096934169745,0.1349431157570426,10.833804270171077,1,90.39220333438169,12,2,0
668,19,0.016377981522601663,0.26039128665104383,3.3165197807840094,2,55.66168331462056,8,2,0
590,13,0.16819608502572037,0.018783076988711494,30.400315486677346,1,135.69108480913084,20,3,0
499,2,0.07129701137987024,0.14668318869071667,9.154528418767194,2,65.43892971790223,15,3,0
1279,19,0.09058057910205612,0.0922916216817399,6.936649210301138,1,114.8685839854022,17,0,0
1011,6,0.11758605453844766,0.0616669013645228,5.045755177989367,0,262.6903832405984,14,6,0
1728,12,0.20936427999802723,0.45461625309300047,5.845460570091099,2,86.56148668083276,16,3,0
264,14,0.505376593347838,0.8126056145991076,0.22881253858594336,1,31.4706950588757,8,6,1
987,9,0.15616109977287324,0.2881688248876293,10.21162102125787,2,61.583138960373645,13,1,0
1371,1,0.1450124357675662,0.34938185362785595,3.5495901114023893,0,119.36783250992661,18,4,0
1589,7,0.091890012456358,0.08127951382655231,2.9680123058917443,0,143.0608182460039,14,2,0
1067,6,0.06985464324208708,0.25065395365670684,12.709339107428159,2,65.40383177003702,13,0,0
234,13,0.7031330818807626,0.6884989872351561,2.7238285682769314,1,15.457070393558894,16,6,1
1236,5,0.15192211435051206,0.04564724512213839,0.9817236259133938,0,38.67632656318155,8,5,0
767,14,0.0529560893723246,0.0578172041735882,9.134993089713115,1,24.02264851242011,18,6,0
263,8,0.3159230252871639,0.04456265254652316,3.1419596898932056,0,116.7303601926225,10,2,0
1547,16,0.020812022619405273,0.07579339379159683,2.9924889171265474,2,140.96735671372477,20,1,0
1436,2,0.09002855103710179,0.18265708451897283,10.491803575222033,0,89.27542163230518,7,1,0
995,15,0.07924474298154283,0.03298390846685231,3.420870725292472,1,50.88799615557705,17,6,0
562,14,0.08060831358936109,0.11715645035208024,1.3838453109198183,0,102.09662545066244,9,5,0
681,12,0.11291629512649906,0.12161588978631976,5.415914603753727,2,43.92469165294713,9,5,0
203,18,0.5693225536375047,0.7957706972965556,7.750631561814783,0,5.100984624073067,0,0,1
1097,18,0.2839384118619367,0.0710240647922518,4.114112929492295,1,86.50590282509297,16,5,0
986,7,0.12691050745602256,0.259521914674098,7.676542069785432,2,32.910427971725426,14,1,0
740,5,0.022514556852183554,0.21125129691087077,1.875591830734667,1,102.53283263632414,18,4,0
182,3,0.1673062013396995,0.0445769156913052,2.3927848668292704,1,105.89391531135607,16,2,0
643,2,0.09834394451518666,0.28006174476024864,4.8358601239176044,2,71.40610566400818,20,1,0
1110,18,0.13051017365042009,0.020390591855108057,12.103812012589623,2,100.6328468658967,14,6,0
1204,7,0.08235672365707893,0.013702587335875704,2.7178718001367197,2,179.37430847937148,15,1,0
726,10,0.18974507479487737,0.1541095905339798,4.238272451750899,2,162.76284933423494,14,6,0
663,7,0.11532781605007313,0.0913255553466686,6.512297833051959,1,94.04558341425093,16,1,0
324,14,0.06007244756498008,0.153810077860391,47.554716411258156,13,12.702954938869876,19,4,1
1747,1,0.12704476986882987,0.092726639289845,1.9750358836303412,1,50.88016931649687,13,4,0
1346,11,0.045475997800760365,0.0778301561721343,4.660945511022852,0,110.79544195036775,15,3,0
276,12,0.17503182095886374,0.13941028225160645,7.094214492472849,2,117.79359843072164,8,0,0
1218,1,0.2147723382545702,0.08596179719823997,0.8703181132391627,2,93.3760649300124,7,6,0
97,17,0.6059767270378377,0.9158093966894603,1.2494326153079556,2,4.723107369857724,8,6,1
1678,7,0.13470950343647878,0.2298152683512828,7.427430232045038,1,169.98012821301802,21,3,0
1345,10,0.12755482679890767,0.10628745628022737,1.7845326484133774,2,69.95381549516803,9,2,0
609,6,0.04308336913734504,0.10276739836062819,0.6422424219303257,2,66.1909447551899,21,6,0
1671,15,0.20603877792427241,0.10316979852885443,1.5455303722107852,2,167.96636406008395,17,4,0
624,15,0.14442344789515238,0.031763810060699095,5.980341226978366,2,63.57603974022801,19,4,0
454,4,0.3955619210981784,0.009046095916898101,13.17723944416675,0,162.88558465284066,15,0,0
1615,18,0.19470855427414807,0.10268861835257881,5.1889130687560705,0,122.38453660707059,12,1,0
605,1,0.08288791127147717,0.0484642476211129,3.858433233411586,0,92.87730684997783,18,5,0
56,5,0.5645536669210972,0.6309980453061368,3.6260297540576474,2,69.46581912635222,5,2,1
129,8,0.28057640711777915,0.7816374098872817,2.784196150486985,0,5.93461382595768,17,6,1
1121,6,0.23367531527569949,0.033894511138927774,4.512655764905973,2,116.09061718136586,20,5,0
929,17,0.07169921449825217,0.12466089111963616,17.216240215948986,0,146.70035503654586,10,0,0
110,8,0.8545215606532311,0.509805133645064,2.5266414116619265,1,23.17767081034022,16,5,1
1760,15,0.19288278482013932,0.24379552599363954,6.618418933761039,0,132.89510495791694,10,1,0
842,3,0.4524183609674794,0.032025132845339706,9.7880996350424,0,143.47241393788636,16,0,0
73,17,0.23160378163783416,0.35153277723515397,143.47647086431334,11,29.18315983374078,12,0,1
1561,14,0.3712440980428562,0.09888080188029663,6.822887370725427,2,213.18487811278817,16,5,0
225,13,0.23983973153181942,0.024145912118706685,78.97104883078322,13,32.889052907173955,15,3,1
7,19,0.6967016955083397,0.5318203944756104,9.453994352560139,3,0.9788817999003068,10,2,1
574,1,0.19511372843725008,0.03273159891276393,3.295160669097109,1,84.62579688549157,7,1,0
1756,1,0.13477960727955068,0.018587674436489655,4.4411877698992335,2,104.5189171023446,13,0,0
1351,13,0.027660209117797575,0.11139862840063598,0.13154261851633497,1,56.7966854967129,19,2,0
1678,2,0.11273089760437305,0.04322891027951578,11.194290011226338,2,128.39366675782486,11,1,0
824,12,0.44417069367605716,0.020473849727808094,17.384962438750904,1,187.85527237799096,18,1,0
43,17,0.25213332811122147,0.24807562150263068,4.411660629917963,0,132.92174176998998,20,4,0
144,8,0.5969146401023518,0.6528452224974081,4.471987034811819,2,25.93122622623651,8,3,1
1567,12,0.1950679160401148,0.24440034589679477,8.210561111961319,1,141.054972575729,10,6,0
674,11,0.17252442261258505,0.07195639821392372,24.23485549902188,2,238.02097868502554,10,5,0
1246,1,0.17013471192585244,0.06933568304883869,2.709585603308735,2,82.16142887258619,15,2,0
417,3,0.22000012640536673,0.1718455151445344,2.548339776087945,0,76.1049538308069,20,2,0
831,6,0.169288661218223,0.12676033989506952,3.802912863697014,1,103.70277785322288,11,2,0
1475,5,0.231350258100926,0.03229613462634883,5.203053958960257,1,60.72028005154561,21,3,0
803,17,0.1672919088983864,0.09412781472607759,5.41528147801334,1,24.118471154390996,14,1,0
209,19,0.46095141889418917,0.3576107277156469,0.04162999183205178,1,5.137283414687675,8,2,1
764,10,0.1432865893633711,0.12908888345377165,6.984271011731071,2,116.32852228978821,11,4,0
315,10,0.5787806352499174,0.09590429622994147,77.91191220114354,6,79.35104826326607,14,0,1
1077,8,0.05089857963805259,0.1463033824252766,0.7797037487846491,0,39.455469041161194,20,2,0
343,1,0.05458670089523231,0.08311637487244655,5.9002706381593155,1,62.89432209199924,20,0,0
1204,5,0.021223977831428313,0.2046125478118601,1.3009629819285513,2,86.86555186856725,9,0,0
270,6,0.5930056818840056,0.3556066045889649,4.160994114667829,2,29.433367310098856,19,4,1
1695,2,0.019307121926793114,0.14517745215761968,13.582356344438203,0,86.87889406140641,17,4,0
1544,13,0.18344812015684517,0.14276443010824327,2.7329083764382625,0,127.6026248456119,14,1,0
140,10,0.6022170260998259,0.42831029401026083,0.5133058764822527,2,10.274451522656715,3,5,1
1528,19,0.15874493051708102,0.025261377945625933,3.3321475071893136,1,91.3719865640557,11,5,0
1012,9,0.005249905947295537,0.031710387934297556,8.576680255909666,2,177.59136972238676,20,0,0
182,8,0.0826112058039958,0.014312215242225321,1.4359431584134135,0,112.8796309777539,12,6,0
869,12,0.04680237539969319,0.03589588012667171,4.6005644579447535,1,70.41194295602676,9,3,0
271,15,0.11428528504739704,0.06753934641668836,13.56212105398919,0,41.6608736898566,12,2,0
398,14,0.22163622490695542,0.03927756922964969,17.181602464756086,1,144.79291722627144,16,4,0
192,18,0.0020912624930573553,0.07231089032629194,3.994833515031474,2,123.03248593034239,15,4,0
351,17,0.2707655491203517,0.1218814108295475,9.77835276819022,1,67.4390360146585,16,5,0
299,9,0.050004027161226275,0.016826642073101365,4.497477837537913,1,100.42578027520062,9,0,0
769,9,0.09350572479122732,0.07394949934161456,3.444140785792771,0,133.12541828158305,21,0,0
296,8,0.049716656161461016,0.0866187774160988,11.601738899953254,2,157.62165633714898,18,4,0
1666,8,0.03919838079292306,0.08651583066078455,11.683274611538232,0,159.09125983077317,18,6,0
1681,3,0.11546539118457318,0.036419311631324766,1.4602504101152867,0,74.64292066764347,13,3,0
1442,5,0.2330734294782817,0.006836242508332354,1.486807434695535,2,82.78335918403684,11,6,0
1524,15,0.03876516967867452,0.06647654973678184,3.859113813923152,2,22.122932211051662,15,5,0
646,19,0.30852485689811665,0.32912589149928484,5.957768793121375,0,137.83931504420048,14,5,0
831,19,0.0627299080276823,0.03959914486825952,10.325942465210552,1,180.47186357701716,12,0,0
442,11,0.08981919280608133,0.061382160849024245,7.803497783984354,2,101.94681762267467,8,2,0
30,18,0.5772382435604362,0.13213523013115408,4.715984080495224,1,0.8119875136001541,16,2,1
636,6,0.3169525687824459,0.05923373855290551,0.76447265055458,0,106.50430538481616,14,4,0
937,10,0.07435350769350323,0.07559397861737914,1.7040152561574018,2,65.42165415394831,21,5,0
826,6,0.13556209441029646,0.19534154447449043,1.3933387670368325,0,229.50512424292538,15,6,0
1534,7,0.39705482290299604,0.04872578830267731,3.317279124635953,2,189.6051053988753,12,3,0
1064,9,0.2661884529856256,0.07267521494962266,16.45057118500047,0,72.42696990479251,11,6,0
191,6,0.15264725862851689,0.07404336378212216,7.223422239610659,2,72.1629927754592,8,6,0
856,6,0.03819157431981066,0.012602194423721161,9.448160339620708,2,122.72068100731366,14,4,0
1611,6,0.05163664737209802,0.015930300155209465,3.262462980253408,1,130.3911634862132,14,1,0
36,15,0.7090246792913292,0.576811460266296,3.77839243854533,2,13.186278204086648,14,4,1
485,6,0.025645942737537654,0.023289769526398305,1.9106468562951961,2,144.99966217050738,7,6,0
944,8,0.09322494979929213,0.1055135634313124,1.242581869178078,0,108.85623846312045,9,6,0
1038,11,0.26079068214869505,0.2387701277054664,1.7890469231238748,0,89.78977037837146,13,5,0
96,1,0.03030089192719458,0.21789072873985638,9.634244717064586,2,147.89535326749038,16,2,0
1064,9,0.18516755310125546,0.21731460313354237,1.2638920307132169,0,62.90510735788739,19,5,0
264,15,0.2370986826429814,0.073636631358603,5.1937425395979115,1,34.682055758314284,13,5,0
957,12,0.03193367522476054,0.055757225973573826,3.355673370591087,2,152.714488335033,19,4,0
66,14,0.14705793054037974,0.1958209777799296,7.582153486334529,2,90.4629891490125,16,4,0
9,16,0.7594867524422602,0.2693017183213524,24.681291403203534,2,1.8658542338710729,21,2,1
832,13,0.17644681761815012,0.05668370868637626,2.7823789600755684,1,115.36178397215315,9,0,0
1267,6,0.27896569155475137,0.07710662430252094,1.5995472151171806,1,89.71902279481813,14,3,0
258,15,0.2074016698350922,0.07370153016301302,5.014718581921765,0,116.05117472245489,16,0,0
1065,8,0.029172035556737835,0.057364162966222064,9.288520286709414,2,153.04592795625433,18,4,0
875,12,0.14134302252455608,0.16518052512126272,2.590525523633911,0,160.2224032835731,13,5,0
431,1,0.11785635642328184,0.1668120986381442,11.639294259639795,1,66.78352372312601,21,5,0
1518,18,0.08342482234574569,0.09832784721220779,10.591944883889239,0,43.967998947398954,20,5,0
8,19,0.6458391738779024,0.40341230261612615,2.056088802730306,0,0.8183293680604706,22,3,1
202,5,0.08476103326377718,0.24721701808388707,1.9076306681148643,0,130.87508296212147,12,2,0
600,1,0.17693891659302402,0.16517313015155732,4.140176290898573,0,114.44189377505907,14,3,0
59,17,0.599749483509085,0.3313186981342718,1.0682315658278994,0,1.3251344760636428,20,6,1
32,5,0.1288667544257268,0.16282568614301024,6.905430811155033,2,104.80208129860067,19,3,0
239,6,0.1318882577667303,0.10882016025646805,8.496433614552888,1,150.93947701715982,21,2,0
812,6,0.20625910738673642,0.013269674645303707,6.545682300326587,1,214.00919273031764,7,1,0
1360,17,0.09006722827338105,0.012545464115041411,4.047195154446835,0,143.84105245842113,18,0,0
911,16,0.1589521245532088,0.08417422540553171,9.449579666184192,2,101.72803920741843,17,6,0
1732,2,0.04290817082451637,0.058097626364686725,3.816359982581582,1,57.12297228571622,20,3,0
445,18,0.0973850556490715,0.1516171766775626,13.393573305576872,1,172.12202717339886,17,2,0
1229,9,0.33679663463259374,0.2460061760098907,8.330049204570932,2,110.31635763536885,17,2,0
226,18,0.5857361479815554,0.1492121159130065,70.23648507213993,11,28.19942521577453,12,2,1
1277,14,0.2536920716732043,0.18814683818444428,15.129449147559622,2,228.59674177580527,9,6,0
345,19,0.13879374127395525,0.09324233388599071,4.790070452915637,0,68.3518205459495,12,2,0
1774,11,0.06771232544660417,0.12564859294335123,8.50602656638229,0,108.19003220161021,16,5,0
842,15,0.032092841220094884,0.3347587629073237,3.5462566459275906,2,136.18837897683233,12,4,0
41,17,0.6049242066370647,0.3294282831182687,5.173273261194101,0,0.24381950170364874,21,5,1
589,14,0.06290697294234517,0.06291179374416549,16.52859012484962,1,76.83919560938014,20,4,0
1183,16,0.004452567440386474,0.06697996050137937,13.363138241060666,0,131.90339065674038,11,4,0
26,19,0.7683262887127446,0.4567595928848851,3.4297327479836954,0,1.374267062792792,20,6,1
950,10,0.01989902098305696,0.17691383194321733,1.0328172231725057,1,113.72488948814456,20,3,0
1450,6,0.15213591555351963,0.16540786586171463,0.6719213873983672,1,92.66884649668613,16,2,0
411,17,0.24432645916015608,0.11134859266066649,5.798613397492274,2,50.94124279571358,21,2,0
1523,9,0.22991170002379324,0.033818363633394,20.431919399568894,2,215.47855497998768,16,1,0
277,16,0.07907773698214725,0.21641782928204176,0.1694443067175239,0,85.49101186918072,10,0,0
256,5,0.35448414587191435,0.12238896851648152,4.216655261117348,1,44.81221388125718,11,6,0
764,9,0.034227193730820164,0.005454452378100787,0.437631908533888,1,99.20915252587227,8,1,0
1728,7,0.3508300761122912,0.2363406445087312,2.2760369480362566,0,140.90661748625195,10,1,0
125,19,0.21138628796805856,0.0016408337954416736,63.37447457062446,5,47.087002018161655,16,6,1
1689,10,0.2711870100935291,0.15417649387852372,4.827168340874486,1,123.32103686211367,20,2,0
176,19,0.5359174162738406,0.7403460533131502,0.691248937373732,1,2.9104536862103196,18,2,1
74,12,0.10330557164425404,0.059690415048913065,0.6386347623219844,2,55.05226159685747,9,2,0
1224,7,0.1191689108250782,0.04560430339720581,15.01063213964791,2,59.59169627947552,20,5,0
32,15,0.09997995287790336,0.2786080794350564,1.7899643374396554,0,121.674285270571,14,1,0
263,2,0.218956177049406,0.015067662741042282,3.864186967497831,1,91.21168091291165,18,3,0
432,10,0.00603345885083005,0.1334091384954699,17.660741482444102,1,59.693991673752365,18,4,0
272,6,0.23824142512653276,0.048555525013091565,1.4468533516361,2,68.46145960305071,17,0,0
1525,9,0.1795965541526026,0.27244444152299435,12.693757797292209,0,140.7450048007124,12,0,0
569,18,0.11055530803053111,0.03027169374411466,21.428946868678796,2,133.3937826657804,18,3,0
611,15,0.09412503095204118,0.14563167365099208,4.63483682062936,2,78.07169069656108,21,6,0
1355,17,0.3424414725169364,0.031438430817350344,13.319183414185284,2,116.55523065959869,11,4,0
1334,2,0.03963356520230002,0.016196103640519467,5.899139789298101,2,146.78596945823804,18,2,0
1423,13,0.07946491314834961,0.06956099341528739,1.9273071499975336,2,96.85011714893588,12,0,0
945,15,0.0883901818463581,0.09479505380874914,8.913968456726169,1,94.91365910082993,18,6,0
88,17,0.6803058856013352,0.877561132394432,0.9215576472541156,0,27.483841495753055,9,3,1
258,17,0.11992594703346296,0.11672386998369796,7.922117013769385,2,27.712515986039804,7,3,0
448,3,0.16204376022673794,0.07330503147061532,4.240838121784301,2,116.30308052111732,19,3,0
979,18,0.09151606808608047,0.07085113739128653,10.050971560287872,1,103.23967998261512,7,2,0
1617,15,0.1321381707633444,0.08588945767443731,3.402954220579787,2,97.6797517093702,14,0,0
975,15,0.12744440544854357,0.07731084696611784,3.0828684537011486,1,91.94893331140291,10,5,0
1448,7,0.11470758283244537,0.07929433760727872,2.6250590041525097,2,80.69538947784756,13,1,0
63,19,0.6177816208356394,0.8708888060959908,9.546988163926137,1,25.543331462431972,3,4,1
544,2,0.16645407537925236,0.010230661285348433,6.294486629922266,1,69.53487022857703,10,3,0
1084,16,0.007010401782450781,0.10796762470281954,0.518689424550925,1,72.15733868721178,18,3,0
444,12,0.1384423594568641,0.05474188636450194,7.417901450950451,1,96.34183848360722,16,0,0
194,10,0.11091105159309551,0.09151624405898892,16.567450906541037,1,67.24143840949067,19,2,0
462,13,0.17383838191489245,0.12227883316682597,38.255554243433714,10,53.305321114105894,20,5,1
1635,16,0.04442239599218186,0.04141602633110661,5.841533233080395,2,134.63943473571834,18,2,0
1481,3,0.010541800450881527,0.16497052883438942,1.848007235911203,2,58.997608916666536,15,4,0
1094,12,0.05390073499000257,0.04692764214963225,9.599223730604688,1,117.11540392715261,9,4,0
1369,14,0.23180549608283588,0.003646463587782394,1.8206295723402697,0,80.87832574332252,20,4,0
393,12,0.2949551491099073,0.01749114049454642,62.50570435625238,8,7.736539371545091,17,5,1
463,15,0.20871671459471816,0.3236289608960842,8.437793323087671,0,56.48785222462864,10,2,0
1201,2,0.07690207105508974,0.15266689488334773,4.25426908505905,0,52.99469481041744,18,0,0
1259,11,0.026634997846253717,0.07888911266123326,2.2377331253135773,1,110.30356671362328,17,1,0
1330,6,0.20047368387193415,0.2180599633733064,15.047848302994902,2,131.96689327240495,14,1,0
1018,3,0.2720217720465336,0.16891449285410118,10.685426178910467,2,112.82027437349447,16,3,0
728,9,0.20581064272884025,0.15777341800300457,6.314755741773393,0,90.28810429326217,21,0,0
103,19,0.5043931381036653,0.011976471181593087,63.69968135843651,6,22.125978905756494,21,4,1
1299,6,0.14620541164714645,0.18304882208281592,2.7031136372752314,1,217.61503045624337,19,6,0
71,12,0.3192628799547187,0.6755704349805528,5.154853641145541,2,31.036525203736414,21,4,1
207,17,0.38988035897202733,0.16042633727956332,9.06301879774164,2,142.79839002165983,21,3,0
1098,13,0.023280102182790082,0.33285893149034057,3.288031304620468,1,89.58449026023594,21,1,0
46,18,0.56741872459115,0.7290920253944172,0.8439755143865312,0,1.1010179556908946,17,3,1
1377,12,0.3696947885120588,0.03889932154074487,13.381494100262845,0,73.06229064154708,17,6,0
1413,7,0.26034791579331007,0.06309348957006612,9.590064999979651,0,32.45423716528716,10,2,0
19,19,0.8791929507278341,0.7728488269686381,1.1554087532778314,0,0.4589909517945865,20,0,1
49,19,0.3789965516690042,0.6302442320720739,2.3999752289500393,0,1.5032826332897673,13,3,1
808,7,0.03915064331723901,0.03484174131921223,2.880024361210591,2,108.62496610812539,18,4,0
1610,1,0.4472338398229245,0.1355824530418622,4.390058325062331,2,116.04214555039134,13,5,0
923,18,0.2138730214235789,0.1437895154089985,8.330137149724866,2,113.19000771532829,16,0,0
55,19,0.6640023738555361,0.23514195053714004,2.5957501417509556,3,0.755053696599165,23,3,1
847,17,0.27741032007349575,0.019290348674602217,8.277459709460757,1,118.65384673814572,8,4,0
240,10,0.333727057780415,0.694599548762281,1.2571053341850655,0,14.15378740336127,18,6,1
973,14,0.023772175697289587,0.18018056644262176,3.667405064487635,0,69.76657953245245,15,2,0
1784,5,0.052074382993079475,0.017447256126191926,1.6426162029896878,0,128.29206261682214,11,0,0
439,15,0.1514547062814758,0.030679276298247467,70.44984455857244,12,27.29114859337535,18,4,1
3,17,0.7830057591952195,0.33473317188187784,1.8162065975230925,2,0.9671041369217692,9,2,1
101,19,0.10431634049579044,0.023446065918364657,5.123240943623312,0,98.32205123406952,19,5,0
666,17,0.10526459703530909,0.06565649162794164,17.137909633266386,2,125.25870784963982,19,3,0
247,3,0.05319950260109504,0.11403972596493751,4.219484946118649,0,46.754883802611175,16,3,0
1768,1,0.21397929875757352,0.1557412619515656,18.718301823820777,1,188.96430935285153,8,0,0
462,8,0.05136257022488654,0.11259768744614491,9.923577235306155,0,90.59681525425923,18,1,0
243,16,0.16183145659788442,0.05610711265477649,33.869099798894055,11,30.302121545017684,10,1,1
544,18,0.09957967661206468,0.14814618763987275,9.170151194306829,1,72.76664242793947,15,3,0
1180,9,0.1508360563602362,0.08692624027780053,10.832831887169627,2,104.89571037798288,14,5,0
1327,11,0.22935360299891008,0.1633587907611328,8.674412577303206,0,84.36311551887512,20,3,0
216,9,0.15021658866626908,0.0994074128983609,4.0435439488533245,0,93.12507713671692,8,5,0
309,10,0.17319063686587263,0.10590623741428909,4.462612224145733,2,55.02137755214197,20,5,0
196,19,0.007691054815642152,0.21422525254751987,12.09624895678481,2,67.48326910447113,19,1,0
598,11,0.286656063357247,0.06301302967525275,113.9689267785084,13,43.22434931737621,7,1,1
240,18,0.32133776106312395,0.07875884443512067,3.266572400734226,2,111.97573428849057,16,4,0
943,9,0.13189967751544027,0.2355383874075228,7.177677046743269,1,38.86831725623872,8,2,0
18,17,0.8079538586623892,0.3647932424420457,0.11773485295906884,1,0.5477238724466907,16,4,1
275,12,0.17734725473249768,0.2978034423439518,6.356487578712053,0,10.244731033135784,13,4,0
782,8,0.07288996302826162,0.07756832804820232,7.034545723622389,2,73.3467116557013,21,0,0
1659,9,0.1627422118763968,0.024311756373862268,6.250954277261844,0,82.79049249722688,9,4,0
1042,10,0.18647836601246764,0.06838700819762358,4.914856913038539,1,53.50035224006103,7,3,0
342,5,0.02551809078649068,0.11113244639407091,7.89712470553151,1,106.78859067698589,10,2,0
289,18,0.0854077731762991,0.23160976596817984,0.48283757101426356,2,61.54804332787424,12,3,0
1694,5,0.1382823960725036,0.15964446870475527,14.157590385146138,2,53.554868822586585,18,2,0
623,13,0.16150511594447362,0.09985272062382883,2.8858538952409925,0,50.00753530164924,11,1,0
433,5,0.4362004738582332,0.20171046786663596,13.357109763962153,2,81.24898533304781,12,6,0
634,16,0.06321761335446809,0.20885803238779438,18.672214968836297,1,134.04193654771856,7,0,0
218,7,0.014549111474438992,0.01209855333430045,3.5032682372127275,0,57.75253357687568,12,0,0
1484,12,0.08415469487858054,0.18684741947055766,2.6867055540778395,2,167.89318262154723,10,4,0
1133,12,0.15647774028079933,0.06981778839519363,10.01544033136853,2,24.45560266854954,14,4,0
998,19,0.09485685158951132,0.021293485152914005,6.31408842065957,1,119.52786214106924,20,0,0
144,9,0.41423549882817223,0.7909716046249547,3.6800612010357403,0,21.297538726349835,9,2,1
38,18,0.6138907512670262,0.6057096962404052,8.272918216360779,2,0.7356298138241866,0,5,1
551,1,0.06697190818837999,0.05540869477027825,6.513702715636601,1,62.8156120114918,16,6,0
574,17,0.033511319992263436,0.186235268034267,44.80923316810068,7,26.153576393746995,7,0,1
1503,8,0.18753678209568583,0.13213889284134042,4.800294911718429,0,268.45774416507834,18,5,0
996,14,0.1913554086402251,0.10402266565774498,16.66042583435751,0,56.604898924378915,20,3,0
532,19,0.10136925543554376,0.09183466768728527,7.753675664528765,1,148.4091311794589,8,1,0
638,15,0.39571042507955356,0.005792025542999635,1.616643349468866,0,105.76686619450685,12,6,0
862,18,0.10357113874378446,0.07425190283990775,1.3934085135528196,0,92.53846879592045,14,5,0
509,5,0.17518257913212126,0.03083564196117073,2.7631514011948126,0,52.813315193141925,12,3,0
1303,8,0.30672296204602667,0.14920229542549737,4.973815587773741,0,84.64122136743642,11,6,0
232,13,0.2965633870927686,0.09296780517260654,9.288107093690757,1,130.12577011863067,12,2,0
1330,11,0.14450319672310974,0.0688253254262852,21.910034808354407,2,106.00448735231001,10,0,0
8,16,0.2404286314503512,0.13853881111911615,1.9471776039505304,2,1.1946198690382606,1,3,1
918,9,0.08850549209505065,0.14126938807832412,5.9456177618803485,1,80.06288552521204,15,3,0
91,16,0.040568892998583496,0.2179452800581964,4.759468177965702,2,60.44084145031027,20,6,0
586,2,0.28656004776206895,0.027653136038741116,11.703342593757666,1,87.77779766933168,18,5,0
353,1,0.055087351250899426,0.12776241289328294,9.934588507451926,1,51.317637872226676,10,1,0
457,12,0.15280796301894975,0.07605116684080127,4.261112431273132,2,103.1403379207577,9,4,0
563,16,0.17246327153923788,0.004791029337097112,8.715322613875827,0,123.97266934529837,8,5,0
342,2,0.05223439722853182,0.07942335354309879,1.9579785179940814,0,71.27370477171308,8,3,0
290,16,0.24937316075492733,0.16210304636264775,44.84165440445712,6,8.404855581631093,15,4,1
54,15,0.34554768879622644,0.19777566289596651,101.82928620252153,14,49.14415073906239,21,5,1
170,9,0.09209813759978973,0.09729942630656428,7.039255075982747,0,165.87496030525674,21,1,0
607,4,0.2079786499340232,0.14920551628193574,1.140725853557205,1,29.04741072332613,13,3,0
809,1,0.231802466270877,0.09939861922888221,3.0870578681851897,1,81.78049170867638,11,5,0
371,4,0.11302480658184468,0.06657819173596878,4.785161687929216,1,90.03684323360966,17,2,0
98,18,0.286555483444162,0.18368276529235184,47.64433865753027,8,44.47168953466271,15,3,1
1270,19,0.035824687800089974,0.092256012976095,6.633948648654378,2,113.20562958751403,8,1,0
921,13,0.12019176107956485,0.06512336530866618,22.808128598798255,1,87.5590193963298,19,2,0
1786,17,0.0551323433547185,0.07696499323314794,3.9701973541914923,1,108.59117068212552,10,1,0
1598,19,0.250363641758844,0.20694788508876494,0.26326864778886044,0,58.9506624762885,19,6,0
228,9,0.05854740524156583,0.06633594987121019,5.0158694068655825,1,104.65900979045531,7,5,0
1729,6,0.3084895722460425,0.11178717377073483,3.126173494170199,1,161.25427447625827,19,5,0
1617,8,0.16299209882909996,0.10969623484951643,11.164092102186757,1,91.21427213663553,9,0,0
10,16,0.374373030128114,0.2160985753316972,7.2827772566271225,2,1.8605869579492131,6,1,1
834,5,0.06446406183614928,0.13305825921313147,6.175380831270132,1,135.95226321287709,19,1,0
15,19,0.6804563015409951,0.4124585833512116,4.311599672366665,1,12.217703782230318,1,5,1
1069,16,0.18912516728760426,0.08728960514852377,5.218852015505846,1,78.82617691961322,10,1,0
1357,15,0.3283655374815841,0.13058935053589996,7.391785133314908,2,67.85867391958122,15,4,0
549,15,0.18569617769136884,0.004209600902446297,138.35505389757168,10,42.11463134707974,8,0,1
513,8,0.136296768671063,0.0774229683351523,4.697519043997474,2,116.0630998393689,17,3,0
1769,6,0.2991067369225496,0.3859589648585202,7.9209035366026495,0,122.42607054022174,10,5,0
200,1,0.07833486394244958,0.08243934839802067,1.1561550884971414,2,38.43882870511832,17,6,0
81,12,0.1466936834340804,0.0022606967133174958,35.163845139250874,12,44.331227204660394,8,4,1
425,7,0.13225176755387355,0.09528375300600105,8.688535100628505,1,104.43278065057173,17,3,0
289,10,0.36770835237666566,0.21731827557234418,1.8729124835272921,2,30.174734440071305,22,6,1
483,8,0.3688505539976352,0.33020499665847974,5.037461478111143,1,82.91304016984154,19,0,0
727,3,0.2768290490218627,0.1720130167556577,12.874146287517668,1,62.75597606854512,21,1,0
353,2,0.1907219521212934,0.2292183399562896,2.0318861002591726,0,84.36486324944396,18,2,0
955,15,0.15224660433553852,0.0716624981380806,1.8281428627727514,0,38.91522503276308,16,4,0
3,19,0.6952734831361759,0.388375908918671,8.933801755091018,1,0.3306950506607043,14,0,1
961,11,0.017958925031392015,0.01894285521431839,14.545735644266365,2,50.71368105322414,17,6,0
149,16,0.01563819785803462,0.16656443741896962,96.96754987366685,13,29.720684959739366,21,4,1
755,5,0.2478437222996984,0.012534636508118976,0.6638871731866027,0,99.94798417907047,14,5,0
1490,4,0.19041194391880983,0.01881383473482052,2.615258892494668,0,239.5048127523991,17,5,0
266,7,0.8273437616066727,0.5970142518325929,2.8035346353219373,1,15.046527827843885,13,0,1
1619,8,0.10015946009768016,0.053102904269996316,0.9300774511332555,0,59.24472990367151,13,6,0
1153,11,0.027232426235696598,0.056507948099693506,0.6859947705540932,0,57.28042203041798,9,2,0
976,6,0.046570038742343355,0.09171698826816146,0.5031010390179439,2,65.62772112626546,16,1,0
516,17,0.2775421937859038,0.02131827223418346,51.39061119740237,9,25.38538145979594,10,6,1
1506,17,0.01780634095410996,0.20964657310816773,10.84630551705189,1,78.99646237543708,16,4,0
34,11,0.491185156031811,0.6520123870811011,0.6428941589998265,0,32.3647978906118,16,4,1
746,19,0.2120114562210431,0.12438025405031121,7.04892800267329,1,101.92514942450532,15,6,0
1515,4,0.30608241468445513,0.09119187476852134,10.943882426509067,2,95.1454651112725,17,3,0
1590,12,0.04495531000727771,0.15153408236637786,6.096690395235757,0,96.80952654849021,10,2,0
1064,2,0.01795992355639313,0.11694045052411962,5.478973530995931,1,51.51375368228928,10,6,0
1399,15,0.08854288577629618,0.055203386480250125,4.450936847679296,1,159.88343598642467,21,6,0
195,4,0.1756286593598287,0.022492976548056043,3.1984113116232193,2,75.49202388667683,16,0,0
54,16,0.1151524131330077,0.1840802463745763,0.3347590578468129,0,54.67864907471355,10,3,0
926,14,0.06673643260232105,0.03433548725397341,1.643979551982842,2,148.48919096832327,11,1,0
820,15,0.031432525707157676,0.03615860152098709,3.3242657468787735,1,141.9936836565167,11,3,0
71,6,0.7240433955447564,0.9600641880148044,0.34422000025232613,0,45.845714383652556,4,5,1
61,18,0.3851356537144628,0.012704479627113503,4.672310934875956,1,152.26815909902507,10,6,0
1527,18,0.07769288681513449,0.15745867370165928,4.130971058852603,1,111.62393885728746,14,6,0
880,4,0.01871999629153134,0.21487153752483948,4.8284869720953765,2,111.71661707486459,9,6,0
1193,7,0.2176612755151132,0.043206764196667406,14.904747782718774,0,87.34681876238106,19,3,0
1100,15,0.1387145311057402,0.02504003249883417,4.891375978089863,2,171.5968684835869,20,4,0
1265,2,0.35142407807758336,0.039893274891277336,15.16532085915185,1,46.37995430450154,7,1,0
1773,3,0.21413940817783628,0.0800797753412103,4.58755725890973,0,46.028148917059085,9,5,0
1314,2,0.03776314353531,0.02745033242754265,6.5262638599089815,2,66.83729688653817,8,0,0
187,10,0.5090395650214127,0.7922093143168722,3.8417366705746616,1,0.2617220066244931,22,6,1
1496,11,0.05365700950764353,0.11957483466858539,0.9584620870093662,0,155.0295965888216,14,3,0
72,14,0.13416492342811417,0.2558753368733724,0.15420102564315455,1,42.192115348888194,8,1,0
1788,5,0.2704468784446534,0.33488030164502497,29.282287429329873,1,73.95263429173411,11,0,0
15,15,0.6495949486857192,0.4701868913480294,2.138494200833911,1,0.45574980186726344,14,2,1
605,19,0.21101139323450133,0.21814923581133827,0.13774907117799198,2,165.7280210553931,12,2,0
10,18,0.09439462810436827,0.09313140121705443,4.969905591153637,0,0.4555914081206702,16,4,1
214,6,0.8027564407058404,0.5426696229260631,0.5305117572326783,2,62.50684814723443,16,0,1
453,7,0.40272397257625664,0.03640339220853595,2.3041434982694735,2,72.4129991706306,21,2,0
138,15,0.09816343985336679,0.07191990357060575,3.009373410847843,0,160.3908058568623,20,4,0
1162,9,0.0768768198172223,0.08654735422292183,2.5182502087147705,0,83.95099818634982,7,3,0
824,13,0.08707860206532533,0.00012409294935344863,5.162175881678945,0,38.59294683994425,18,4,0
12,15,0.6800624304941247,0.4452931971008938,1.9034821688597667,3,0.8636101121271829,9,5,1
577,13,0.20455869618423275,0.005962210006258403,72.13052705592256,5,30.498880753763014,11,6,1
671,10,0.09798689840519738,0.05005442174168,16.158130682987164,2,72.55605614691446,7,1,0
37,17,0.5359570351834025,0.4932779519917048,4.432974707294697,1,1.5635228453636432,19,6,1
1009,16,0.17682538346323112,0.089821975175892,13.238814797705492,0,71.11525486046654,14,1,0
431,4,0.11438583181944995,0.15979307233901643,0.8408195742730307,2,41.26734923253136,7,6,0
669,10,0.009171354514835969,0.045280948534373124,3.9340967209991287,2,135.33961469989498,11,4,0
1421,9,0.15830143790324472,0.4223184158743449,6.47616783765896,2,136.0464227860322,16,2,0
1627,14,0.16029839528597042,0.28209394762255685,0.6555863408262681,2,98.0987882449208,14,4,0
478,8,0.13696647961896308,0.29448509588880245,3.5595027514916127,1,95.97723756005963,11,3,0
326,2,0.3269625623337125,0.164946878910801,6.966723753698404,2,69.3906829681457,15,0,0
36,13,0.15454727225538853,0.22497166450746006,96.36922702606765,11,36.09543798941627,16,0,1
825,11,0.021489773872302068,0.1424580565200176,6.156993936992854,2,123.78821575232911,10,3,0
1537,7,0.20151237963734833,0.11025183036047591,7.741574567471587,1,12.649197062866623,21,3,0
732,5,0.19620139495851358,0.05049472776725241,7.220031789591993,1,90.51625671596523,14,1,0
47,15,0.7246689900102588,0.293155374482606,2.0675097245358165,1,0.5027205960531289,2,4,1
1348,2,0.035562989680569916,0.08619140849696544,1.792993990604521,2,144.64088194083698,14,4,0
197,6,0.1403532196403102,0.09794554665982343,1.6512512138422546,1,108.22513646649466,15,5,0
94,16,0.21189426196966518,0.06059531361745563,10.174336781186492,0,83.12219077291641,9,2,0
1498,5,0.3085893002583091,0.016211839597597266,5.043404277238853,0,108.56242516744359,15,6,0
1007,19,0.06861516387427254,0.12458780276434739,2.9301074930016147,1,65.51981148308843,17,2,0
130,13,0.7534979908122734,0.49098476911958383,2.39348226714131,1,24.288447151642664,10,6,1
249,16,0.42127783706635835,0.051172784606653934,5.827308754614765,2,110.24863111092199,17,2,0
1310,13,0.1006023532727716,0.2303059144964219,0.5284323509989797,2,129.03803465661088,12,0,0
15,19,0.7586168993127465,0.3422807779061661,6.34517095490232,1,0.7174320144711077,0,2,1
83,5,0.1370633996010559,0.0738463371176208,7.452314849128936,0,48.177452166816394,10,6,0
1798,12,0.21244977008687513,0.03333244580641906,4.37568518560793,0,97.30417590908034,11,1,0
340,18,0.12865555869230053,0.1161649896242958,43.69671215591513,9,23.13865980194078,20,6,1
241,18,0.044870721757106144,0.107016776797152,6.610732601467262,0,100.78155308432493,14,4,0
597,12,0.4215416477886598,0.047486167496293405,10.692735943283047,2,90.78069428232682,12,3,0
1785,14,0.03504749378299562,0.014813220439021542,6.456397279964826,0,47.14267583796356,12,1,0
566,17,0.08575990427143151,0.09301989102139507,48.18690939947365,11,42.70924046490454,14,0,1
1612,2,0.39343780934214284,0.042805297393387,0.13200464752184193,2,54.91626948098162,13,0,0
1372,18,0.09100609285216127,0.16516525589296902,2.7731420047885416,0,67.06106686166987,9,6,0
1577,9,0.03507100807858243,0.1181249202987435,5.361208980126102,1,47.27785928745695,9,1,0
1434,9,0.1086920850880526,0.027096093509573007,5.867912315180075,1,79.25107690885787,19,5,0
577,5,0.06693007478695934,0.2812218688528378,2.8470252676540797,2,37.17744917675083,19,0,0
825,6,0.16464725950510525,0.12623410425625528,2.719807645848519,2,155.39206598320726,18,3,0
1415,9,0.2574542004311576,0.046974119826236914,4.35961283823899,1,90.50545190958684,18,4,0
104,6,0.013973501129618563,0.006441212216840047,19.89962202706447,1,120.82821822939643,14,1,0
1116,5,0.25651546613537274,0.051950174094305746,1.864591354020674,2,70.91386760848192,9,2,0
645,11,0.11591946501601641,0.0795587253683191,4.32461233799822,1,94.7911072161998,16,2,0
898,8,0.32025929260755315,0.25239390987021904,1.362206453120598,0,95.62329806285142,20,6,0
1116,7,0.03625907745145339,0.0925618567227563,13.337639462977585,1,71.94623920266093,18,3,0
1469,5,0.09015797412830256,0.19696416111202106,3.7161252824379023,2,72.93884501397747,13,4,0
1390,4,0.18297977496645204,0.2943561933740285,4.535060682738297,0,115.91560046739814,15,2,0
1453,7,0.195987015791362,0.08674128967910856,4.289811767593156,2,52.287401902465675,16,5,0
71,14,0.334666586072567,0.1795250291991206,2.1466016227595985,1,147.57714137064914,7,6,0
628,18,0.4382520731507708,0.08648906521400222,3.5923950639491573,0,82.77481000599249,12,1,0
1432,10,0.3191747605159816,0.06663914110050223,4.202721173916327,2,55.2209173297991,12,4,0
1013,19,0.269475783017282,0.10101539535297621,6.081656030059858,0,129.09873992081518,16,1,0
322,13,0.19207065893666297,0.06649127226792091,5.009856710467861,1,81.53833544674521,10,5,0
1307,18,0.09496065399336318,0.020811040963558687,2.5434036810240572,2,48.30293630274731,8,0,0
241,12,0.052422888746989145,0.05552320579837671,4.783538537727559,1,99.76980130322737,20,4,0
291,10,0.24932379368052246,0.16396355429197934,78.95905348251917,9,71.40149689778553,16,2,1
494,16,0.09778579301896811,0.07039307433828793,59.25872319873599,13,50.68814465735652,9,0,1
1025,13,0.04717734166686539,0.13514876359037095,1.6403133698984322,0,118.46469786578925,13,4,0
289,13,0.16526973299007097,0.04524951223275947,3.8941753436740076,1,89.51817684504134,14,5,0
497,7,0.040510244807288584,0.1900272019542526,6.53678229019504,1,70.0171584956724,11,3,0
30,8,0.888932671143653,0.6338969751611616,0.06722013733664971,1,13.744274586438479,15,3,1
306,15,0.0035781776736579676,0.15346781050109995,6.83209209320652,0,139.2532870135724,15,0,0
670,2,0.21308323301341137,0.017125071947978028,2.29341753849909,1,48.22727889172759,8,6,0
1538,13,0.040147423938517605,0.17902845244366017,12.917026832566547,1,72.09229634155692,9,3,0
1752,12,0.08924244391093904,0.052587701163742166,4.293260253009143,2,95.81194306839372,13,2,0
1198,19,0.11102236098095164,0.06281476027598934,1.895763920733445,1,112.38253747989631,12,4,0
254,8,0.07799066579602167,0.13789660876764254,7.679889949508961,2,52.63680039749563,15,4,0
277,10,0.06802097264530901,0.018678832569639828,4.187205859548656,2,69.72819452986299,10,6,0
611,17,0.13279718311105373,0.07778619295280127,5.347059783053772,0,66.30682050594471,14,3,0
106,16,0.2856540376560003,0.05474497348971658,9.500211656072752,0,47.161541354361944,11,4,0
806,11,0.04625820850204842,0.056468268661869735,13.106822304507716,0,165.1112285495637,20,1,0
1245,2,0.04070468656929018,0.2711142297550182,1.0354315322363106,2,168.6708478531959,13,0,0
594,4,0.24006004777969112,0.07255328507997218,5.534570669546505,1,51.69767859776666,20,1,0
1084,3,0.355670553720474,0.06943815981473021,4.090659298442077,2,73.58745760441894,7,0,0
1549,16,0.043686672969989224,0.02844744578846139,2.314886958188181,0,67.99943761564239,19,3,0
1551,13,0.20750970862655288,0.09937783598863253,3.0122324036658163,1,84.56459262015271,17,3,0
1156,1,0.10956062217984337,0.16714482286038598,1.373700958910367,1,118.4389589072802,7,4,0
998,12,0.16689608955067395,0.07455358011144916,6.997069304826087,0,57.28473232177013,9,3,0
1278,1,0.16938412082033955,0.002941512637412299,2.998746282648134,2,93.0835334157488,18,2,0
197,4,0.20794339664494024,0.022586178378894834,11.93098846355738,2,178.08497499777252,9,6,0
1219,2,0.23356940343249172,0.022181220557225243,2.323890004729176,1,104.6685921736251,14,1,0
1061,2,0.09869030140469881,0.23817749659154588,1.546629985756506,0,164.79884287647025,11,3,0
148,16,0.13509720431697336,0.2903216946797008,52.67927649877826,11,27.0482100568677,21,5,1
594,10,0.16315280245593733,0.024308587613597738,6.908751561818686,2,158.4078279856165,18,1,0
1605,19,0.11230190985915046,0.16614922229302387,3.312280312133168,0,73.22198418859435,13,2,0
96,5,0.6089579490197712,0.8690209412994808,0.8541465253032237,0,4.1162721073752735,2,5,1
81,14,0.646979154707363,0.44652945863749965,0.35966839879489176,2,25.710271177623987,11,1,1
106,10,0.586725922301971,0.6823773451417032,1.460691324709614,1,27.951190086872412,8,2,1
1665,12,0.1841184570000968,0.21377344523339903,22.956457719423703,1,149.74566635792112,10,6,0
107,6,0.6715189509663114,0.4796384536229314,3.796628510290721,1,9.966102684749256,23,4,1
118,12,0.12069171670812108,0.07984631673205579,3.711250310585365,1,102.50353659621082,16,4,0
754,8,0.23226733747802591,0.03494482616576731,3.2198239663532955,0,53.281032532848045,19,4,0
1218,10,0.4032051690411142,0.06816632900034188,1.697876291760424,1,114.93570537808195,7,3,0
457,6,0.19156109856761838,0.03314990200560186,2.2522259240629623,1,129.22499166195553,11,5,0
322,8,0.005462859126372343,0.08775302130073863,3.9008335745486473,0,69.51235555935887,11,6,0
123,10,0.013048016357172995,0.02205512494860594,0.7478266101042792,1,87.79471861041239,20,6,0
619,4,0.32561549522283895,0.171809350697924,6.041414155702733,2,46.66743207226922,12,3,0
520,4,0.13133197096298807,0.03620294342430252,0.06895153604895195,2,183.515381338003,21,0,0
358,10,0.09050994681745114,0.2504835572082012,54.99393557403374,5,66.91147604642762,15,2,1
1653,5,0.3824276824463472,0.05724231480493004,7.178391542017256,2,135.2888289869952,8,0,0
540,18,0.0880448792713116,0.02177236292732648,95.69590878223767,11,61.87701289702939,7,2,1
64,18,0.22939353502361176,0.15521008672632833,3.8327450332535853,1,60.632108664703765,7,5,0
1632,6,0.05182654642461441,0.16708811893056455,7.992342267531243,0,120.37422493872383,12,2,0
111,6,0.9302285901121395,0.8841003206744786,2.0146379469469373,0,66.87548998512173,18,2,1
742,10,0.4315590237871409,0.05919754358082936,4.312384581298678,1,81.53501596545125,8,0,0
536,2,0.17369056656835014,0.08620841881765898,3.1930338958228583,1,77.13774022018886,21,1,0
836,15,0.14779736669224716,0.18394249433540458,7.091954231231279,0,127.70667418708362,15,4,0
1030,7,0.19337329931029734,0.01830162920977543,1.9415075036947145,1,168.7521512075968,18,3,0
737,15,0.02424116596338138,0.04081051644083505,3.1729664499534804,2,42.33864329998356,7,1,0
1180,13,0.07215218122647943,0.10926720003743615,5.860243624717784,2,84.93846319374146,17,5,0
327,10,0.10568091732483034,0.30942986102439995,74.39974195151845,9,56.911473819942934,16,0,1
1679,7,0.05119470832981643,0.008516989107028774,9.176878576585473,2,159.3270675882044,8,3,0
494,10,0.215887249560062,0.07986019800715742,63.17953636402805,5,63.70856452226823,12,6,1
473,19,0.22294958449539257,0.24900139050973993,70.50427236018736,14,112.98355703419591,18,6,1
752,7,0.10827102477811572,0.09255143905511047,6.08257355454687,2,95.02534214381981,15,0,0
849,7,0.06374888135655021,0.1884844708762334,11.880980552304644,1,117.30995453966686,10,5,0
306,1,0.005011990157168863,0.5831668841895093,1.7712503357483227,2,59.22570178201353,21,4,0
90,19,0.585869132494798,0.6604541680000667,3.311789345539194,0,10.267812528836831,8,1,1
535,12,0.014611023142274762,0.10964853808293082,59.257071581131655,6,87.78061081130178,9,4,1
86,13,0.03816659719999599,0.008197764857163482,59.83749499212597,5,79.88931671269002,11,5,1
1390,8,0.02611363988374433,0.04540736170415468,4.8185955446368185,2,189.50088082132078,9,6,0
480,5,0.18309561040421393,0.13884376540294757,8.355645388263756,1,70.0033704744321,17,0,0
637,9,0.19705412489648527,0.3363433305627937,1.723255409223321,0,89.2745689831481,21,4,0
167,10,0.10076650077349783,0.0790130925405535,6.307243267194346,0,91.77497327320893,12,6,0
892,5,0.40971097665365663,0.012073585206528277,3.0388339732500396,2,46.82352860601594,7,3,0
824,19,0.22777068187478836,0.06075298056431061,3.6397760827938526,1,141.19479211308771,14,6,0
1797,4,0.12062291514955624,0.12208579160069838,4.874146429492465,0,78.84862068296835,18,2,0
76,16,0.0688414579334972,0.08315165032152619,7.209019955197381,0,71.82413647826779,20,0,0
235,4,0.09274934703540394,0.09285009496485269,3.445786669632474,1,88.31327061160772,14,3,0
481,9,0.4122381759988505,0.018802610873216483,16.30746911530026,2,26.64891645977898,12,6,0
1486,8,0.035479073847606554,0.006714763861597956,1.603186858315791,0,105.86145055380037,21,2,0
857,5,0.23751010706271333,0.18246818763320552,4.08139719128256,2,128.82979932034613,10,4,0
579,4,0.1580015611631495,0.14271410407672527,5.0922014114135985,1,162.48922408618174,10,1,0
237,17,0.17352711127389034,0.008574147053607149,0.5715116609331002,0,67.18125377321682,14,3,0
107,10,0.1966451187855672,0.15134308603375365,16.928913410111342,1,114.22747308059428,8,0,0
1433,6,0.07330924132473485,0.05286429466519989,4.299158390981436,2,79.92379939205631,19,1,0
47,5,0.2561581689594127,0.014335141850381037,1.1705660456705456,1,98.1235472315673,19,0,0
129,6,0.6575824531060824,0.7100114003151596,3.5465534483337167,0,12.00072454703103,18,5,1
1192,7,0.10976269680532445,0.10021866781255132,4.151555399761193,2,41.114454599483594,19,0,0
188,16,0.8793948123703913,0.8339532607781068,7.543819117718141,2,32.28693633796831,7,6,1
1099,8,0.09687967077906047,0.23359084028957308,13.445067524310298,0,101.8752411776616,19,6,0
678,2,0.16132151503963688,0.011369662814635187,9.099420465382739,0,139.13190135543772,8,2,0
1339,14,0.24125198318628543,0.0996079510542792,1.700292399327816,0,87.53857327890053,9,1,0
241,10,0.09091390121159824,0.034659698779649036,12.012299257816005,0,182.0494211862336,19,4,0
1734,11,0.07231011676501403,0.060092606581419225,10.389525019828785,1,51.35590254333646,21,6,0
1610,13,0.01499210650711806,0.12762502296615638,3.4715747413779106,2,90.45342917812786,8,4,0
1411,9,0.05071675552520893,0.10522204823017305,4.957975656302222,2,141.7306051669399,18,5,0
1510,15,0.12719791911420267,0.10761962703430587,3.1837891170565173,2,23.857893984970808,19,5,0
616,1,0.025990142287846144,0.049545577244044285,6.178436869590106,0,92.56561652716896,7,5,0
276,16,0.12104015118973,0.047704152768651836,37.92038395448312,11,17.64726824616832,12,3,1
1696,18,0.1791045475062061,0.05661291264687642,7.2731862338362605,1,92.45840710614262,13,1,0
728,19,0.26499472995558404,0.012167956027734024,5.530014845521969,1,47.26420264081693,8,4,0
860,13,0.2891385389529822,0.06543672407741609,0.9828371150645451,2,164.37827425454714,10,5,0
1515,18,0.07062151649956065,0.05790349887588718,5.147577788558994,2,122.23713433822863,17,1,0
1489,11,0.09417542962935778,0.06825015403879543,3.5442743605414315,1,81.48432743044991,9,3,0
502,13,0.1707267992476469,0.12468917788802863,4.161922872981111,1,162.2518911355856,10,3,0
93,6,0.7619382739888592,0.1559096342174614,0.07012910727153718,0,19.778392032988513,5,6,1
268,19,0.116835596149936,0.2008571610620855,3.8486404583259777,0,53.12142343058842,11,2,0
929,16,0.08539817009545402,0.15771280614947397,7.806263872650378,1,121.15919763457653,16,0,0
1357,3,0.016444140451399053,0.04821080993058791,16.311992432141537,1,135.937532169466,8,3,0
1662,7,0.3547593099250803,0.22480756896060036,2.775874665679138,0,122.16496312916624,14,0,0
13,19,0.3558634234895149,0.7558159128283545,1.6110873553096563,0,15.70357947898222,14,3,1
1117,10,0.03210732535361369,0.016198728368860715,9.925116748774007,1,76.87981553456967,17,5,0
1519,18,0.10107421774895914,0.05643495405062055,4.253774860083123,2,56.401283769959804,15,6,0
920,16,0.10830962536522808,0.2397761214606914,10.362483377061858,2,103.43002010201658,20,2,0
762,16,0.09705533635021471,0.3227492630635212,12.688020785633192,0,82.5999694719887,7,2,0
518,3,0.004065232897584094,0.05580083046393039,9.755188477303314,0,39.72923305254887,10,2,0
945,1,0.2579277872875016,0.05885183353705152,10.200226784794253,1,61.55021094970513,8,3,0
1355,9,0.27892895791039246,0.17428091702995235,9.621943724692692,0,110.3719200587573,7,0,0
1120,16,0.1497355959500559,0.06855778062642821,3.827286279912255,0,78.98601175852606,7,3,0
319,9,0.07453269206031782,0.085502801018063,3.3010739987279827,1,63.85660245054626,13,5,0
1364,10,0.43052123405349035,0.11761888949917658,4.968107400655261,0,63.56083183529084,13,5,0
932,17,0.04892889148542181,0.10931399795606538,1.1578456165595026,2,107.96995313120436,14,2,0
341,3,0.17112529970176507,0.059929193303600706,2.9209412275946836,1,107.6895766137192,14,2,0
1468,15,0.12184104931954379,0.24627666138989493,1.576867400143392,0,104.91179116316816,21,5,0
9,6,0.4243138822396914,0.6289719721568118,4.770176782492712,2,13.247712493668502,8,1,1
1269,1,0.20924269419773028,0.06685068282474793,6.314957435417897,0,73.91377576383724,17,2,0
1383,17,0.1103963396863167,0.05905907026542897,2.3511221837761256,2,47.16316235644594,10,0,0
839,15,0.2438565101316112,0.28655230442875285,4.149206707853735,2,112.37305527596945,18,6,0
396,10,0.18803351532925824,0.15272045640772247,1.8076693214037645,1,54.47098842350917,10,6,0
1646,14,0.310753519757372,0.2117414911945799,7.2910431717056285,0,76.08209519171021,17,5,0
165,1,0.16293875689312393,0.11578520227700247,13.492497644193582,1,57.71723611106048,20,4,0
243,15,0.30578684889441005,0.10787041568138454,9.948386587943395,0,157.68754030222354,12,2,0
1186,2,0.06876333963021129,0.02734439906451445,10.54268486609357,1,252.00177615309508,21,6,0
153,6,0.21898199002624394,0.03267256145422806,4.5443264192421715,1,109.8928414948437,10,5,0
84,10,0.13562955953338188,0.17469971724889988,7.413079192778597,0,73.68713477468617,11,1,0
1743,5,0.06787782484696679,0.00021328026040049892,2.5922341086536984,2,71.95162124842273,9,6,0
1268,4,0.23858473053383036,0.14057503191903567,3.2326434037090737,0,81.92015316794566,16,3,0
143,9,0.33416287299523106,0.06273680443164321,3.9721498871776917,2,132.94481126679986,20,4,0
256,13,0.06248582627064677,0.10795070152730805,6.809146295762917,1,120.16534731564829,18,5,0
128,18,0.16403287313092504,0.0645774495897106,3.407476950778868,1,44.88988416444506,9,4,0
235,6,0.0946580026083095,0.18417323739865718,2.136379089405233,0,130.6608623010265,11,2,0
1687,1,0.11956765086719665,0.09943939519892023,2.1390126895495367,2,211.8575300403594,19,5,0
1470,9,0.056314005989333005,0.07242752020900783,4.231256490264824,1,43.91953110679489,16,3,0
1422,18,0.20234337508153816,0.0651066086922968,11.683102760997887,0,88.82668303856545,18,2,0
1300,17,0.01875041999580668,0.2748145403366341,8.239194883916651,0,81.46613732238677,7,1,0
1315,3,0.1745007818689623,0.050049030494385395,0.6219143220094473,0,184.516615192034,14,2,0
585,17,0.5642165033213596,0.08267619845289687,4.311771514639014,1,49.022470583972805,20,5,0
212,2,0.0510694974518974,0.026546695101911977,7.406244935678913,0,157.23225029859168,16,1,0
815,15,0.2777901088216991,0.2973020078972683,0.4215392878367798,0,155.58150980366418,21,5,0
635,13,0.09594646599499138,0.11497116814582223,3.0037265985527606,2,35.428469156839746,7,5,0
43,15,0.46164380267632943,0.1257168499376612,5.646855287148007,2,1.1741432863482353,23,0,1
610,1,0.02814275752686903,0.011651886716504266,5.617626969501015,0,129.660397861544,17,2,0
797,8,0.1543109529096093,0.18846129983049065,17.90014470064678,0,87.19766354610977,14,3,0
1060,11,0.01891477851400007,0.08090805507491909,1.9601663105677423,2,235.77077138944833,15,4,0
957,18,0.05816027804794624,0.170167303781609,0.4334160116607245,0,134.04352679183924,10,5,0
40,18,0.6292489095022706,0.23984204093433376,5.1612673925508865,0,1.2810304714159135,11,4,1
107,11,0.5067327027631842,0.8309503175762853,3.1194073330824734,0,19.755719923317432,20,1,1
952,18,0.0074414340075782725,0.27795536699572265,8.575076514503685,1,107.8847815503004,15,3,0
1709,4,0.15355632417786083,0.011617744806563557,6.59647036485235,2,34.78238009174712,15,0,0
1608,1,0.13322456855956705,0.15688300281317588,5.6072357735110625,2,91.97822072445686,18,6,0
1303,1,0.2083118265081106,0.00028123250193458197,6.875060818003302,0,97.92877658860193,7,6,0
227,6,0.5308323300124698,0.6370425947983358,2.1510790840925385,0,3.544525183530098,8,2,1
1158,8,0.031747700784545724,0.07622765402942006,14.358645116151212,0,93.987130292308,16,0,0
643,19,0.09647511606476408,0.03952337348445864,14.446542669290308,1,69.32558990852127,15,2,0
1183,12,0.0503166481387293,0.08799742946037023,4.2634071225589025,0,117.31032641507599,19,2,0
1665,7,0.16578179289932451,0.06933128809347308,3.5706577674539886,0,70.09808350510147,10,2,0
1671,18,0.09632062697425252,0.05965612230709795,3.589858399153144,2,97.57830886310674,17,5,0
198,15,0.008235600840579517,0.04457152322754556,2.304275963756802,0,108.27668631283058,7,4,0
103,7,0.22956870533560958,0.09699693020197418,2.2700016366574975,0,109.29234783572603,8,4,0
43,19,0.20743753291734854,0.03193185810549028,1.4579838890020895,0,30.96349017305822,19,2,0
292,2,0.20832175980079348,0.28853028718523527,1.2088593002880965,0,197.41783605024398,11,4,0
1733,18,0.0763204929271771,0.22970056336242686,11.424278931018488,1,105.45727609170038,16,2,0
192,6,0.032408484722658594,0.021341565004915672,4.451438284260683,1,67.29908607146737,17,1,0
164,19,0.614813287049432,0.6509166147668253,15.857278199365414,1,44.27748389020103,23,4,1
2,18,0.7935589229393435,0.3460559581236663,0.3048991527652249,1,1.9957196730001843,19,1,1
266,8,0.641054906629427,0.49710507495130524,1.507091787534069,0,3.7069384465878126,3,4,1
952,6,0.052168546014150996,0.06832915950684584,3.9680327839334684,1,61.4832391263566,10,3,0
137,14,0.16952370912684558,0.15347099906132244,7.315716318893672,1,79.68786787099735,15,6,0
946,12,0.11428194678489141,0.18124730320754,2.661292918827445,0,116.79881142528222,9,0,0
475,8,0.1388463986856472,0.23569783864441823,0.3607377664052708,1,146.0812593508021,11,3,0
235,17,0.5903505869393417,0.4117637466204553,7.6144804394227155,2,7.511673184225347,10,5,1
1359,11,0.015604277827321305,0.22708661158186608,0.30919122912799896,0,50.38671694981897,17,5,0
969,13,0.20063265345148423,0.12667037147645163,7.800150526169558,0,165.75798011302408,14,3,0
1796,15,0.13201096110566693,0.3373262800629263,13.647980162380883,1,128.61564399021256,8,0,0
314,4,0.13763944050586627,0.1410611558382425,2.446394327965021,1,137.58817500574148,15,5,0
453,15,0.153466226495708,0.062041847793536276,29.92692691358277,10,43.00184876696788,12,2,1
1428,11,0.05681122718007399,0.10682416625498288,5.788809391721803,1,278.52655965691804,19,3,0
1287,2,0.49856321544550414,0.11020197343812292,1.6943938575339976,1,91.4803158347595,18,3,0
972,15,0.04014198302941839,0.0844652652011172,3.7539768077719127,2,93.24027960523564,21,4,0
1584,8,0.425747386235445,0.1997701210112796,13.038506489746068,0,94.90217949504105,11,5,0
1419,10,0.1899185907486479,0.1001161026873825,2.007467517544275,1,129.49643966389053,7,3,0
147,18,0.11470972768778577,0.019156178417713627,2.0325372931290326,0,74.02634034903785,21,3,0
913,4,0.20126911707111078,0.11811239449505738,0.6076352690534286,2,133.3362371774609,15,4,0
86,18,0.13829401685285533,0.06499838625462932,4.679445230260541,2,48.805355444794856,18,1,0
11,15,0.4932893788068422,0.49876890233475135,12.322222647847171,2,1.600130492364048,21,6,1
1546,2,0.32202246817643354,0.14821755547706386,13.33571777516521,1,237.06589272075655,11,1,0
1588,6,0.3677621610049058,0.008195367532821443,5.407084603703097,1,113.97301355172986,20,2,0
41,16,0.8310211519925107,0.2846710659042548,3.595006477038493,3,0.32132383706027556,3,3,1
817,5,0.2574623604098198,0.04164539539705056,2.8185873517618827,0,146.95270403184043,7,6,0
929,14,0.1253928385170715,0.04938434551131218,9.932433766605195,0,46.83894064151539,14,4,0
678,10,0.1795151560513983,0.025176138414230297,7.8331078383816015,2,115.17349913026428,14,1,0
1734,3,0.07580936982161414,0.03392520469650633,13.556560581257022,1,119.93893399955712,19,4,0
71,9,0.8157274204883604,0.8649041690988118,0.11367362642858365,0,4.7004227110745145,12,4,1
404,18,0.17163774087921632,0.01812916958107593,38.091228637907825,6,80.73725606761991,21,2,1
816,19,0.1268912177823359,0.2420062257402793,8.843873056761797,0,137.6878104059671,11,2,0
388,18,0.027501144816626875,0.28244780397328584,0.945783211409142,0,78.0354934815605,21,4,0
417,14,0.01828705782826746,0.14361446157304525,3.0603243306345753,2,140.24783871457205,18,4,0
691,14,0.30020459300453983,0.07757821701951412,0.8424445916317879,2,211.21719369110988,11,3,0
1397,15,0.4207696549479617,0.11881980555560873,6.956153503095713,0,46.533515077799414,20,0,0
254,19,0.29311719645156703,0.051538788814573654,63.68982237150014,12,15.11320099212573,12,0,1
8,19,0.6771859559743045,0.759548899962671,3.554113659477969,2,1.910994002786109,6,1,1
552,13,0.18565161994667448,0.025626639142075813,105.184915573329,13,63.078061067428976,17,0,1
9,18,0.3929699212026374,0.7441308674094458,0.06682670550013307,1,62.40442112931075,4,1,1
196,1,0.013104395199738347,0.11866170061754817,5.810114795990275,0,28.088626074348397,7,1,0
702,8,0.16838103456562037,0.13367511146261363,8.067428104622783,1,111.97804957624533,8,3,0
423,15,0.15970210777786284,0.023698735683498614,16.07571956416475,2,71.65008204308269,19,6,0
872,18,0.11153844849283019,0.04944166824762198,15.157719177487342,0,37.894291318136005,9,0,0
285,11,0.27230240085078444,0.14276317560702326,5.669540803239173,1,96.51367190441519,8,4,0
927,3,0.4698191520779707,0.1646148717088949,2.608592253114839,1,48.203083601083385,7,0,0
301,16,0.19448635169243883,0.09691994816696543,15.569495489358232,2,114.80299438820181,14,0,0
412,2,0.05409903906285163,0.2202354377506073,9.353208406165768,1,119.58115705530184,9,0,0
469,9,0.18997216475249218,0.09097351383185268,7.2030055861433935,2,65.57014682004652,10,5,0
1063,13,0.17401129337715454,0.01616444370691898,11.04963034614913,2,74.35285566837061,9,6,0
374,16,0.2027229727454975,0.07987584108885859,52.44034763849232,11,70.67820674300994,21,0,1
767,16,0.1340834159989722,0.062176470959786324,6.879138129050112,1,124.72158170516933,12,4,0
308,1,0.12693117816528462,0.0011974796858103876,1.8488705736969755,2,153.91056934737847,7,4,0
1620,10,0.31388856206080545,0.02810074346769542,6.342596265609876,2,63.75580448692331,15,1,0
322,7,0.07071341593525106,0.0741704930704362,0.9150659238676327,2,282.19891706058786,19,6,0
820,3,0.20415556746504182,0.03397707606584131,6.072625247403478,0,55.51541233871082,16,4,0
67,4,0.25924255819564035,0.04705535739333409,13.662170289126472,2,101.70683989301165,13,3,0
280,13,0.044848703937066074,0.012579244681359108,94.779032742624,12,46.030413013434355,10,5,1
637,7,0.14191920978089553,0.012614996943388372,19.99649719556274,2,49.52677545307259,9,4,0
884,12,0.37644345849235333,0.036922590417368235,6.076980691035525,1,49.45019685802306,21,3,0
336,15,0.2630528391865344,0.1556472985625864,7.012680021032592,1,87.20992611683114,7,3,0
756,4,0.09375184269356039,0.03210236508653252,17.875957318997806,2,154.03614353701624,14,2,0
1553,14,0.17792031896313587,0.024827519533333633,7.077695601451103,1,60.21922785829584,13,0,0
1608,13,0.058021892295993346,0.10352667706162187,2.506823242767057,1,93.83611419530436,18,0,0
591,6,0.2232637501602717,0.05065894472745386,5.5206936845551535,2,87.92110583091306,8,3,0
1650,6,0.35327438549898643,0.05888102799374377,2.3271810596049787,2,197.37193189176304,7,0,0
1344,12,0.04571142084486145,0.2452634448011214,2.9174730776015148,2,113.84301051616022,11,4,0
1336,6,0.05998189249411159,0.1925209359285626,7.179488554198957,2,141.03634014530724,21,0,0
1127,14,0.3177378324216423,0.18477909175457777,7.210352969661108,0,177.88731444503415,10,2,0
298,12,0.6150149404399278,0.7040198858135155,2.929645583076648,2,14.948160856327895,8,5,1
38,4,0.1347929688867853,0.1497724429914189,0.23725277249994856,2,80.7341402369738,8,5,0
422,10,0.0714984985237103,0.16460301701467528,3.677145556526794,0,168.62700518423372,15,1,0
317,6,0.2609776410530104,0.07790365509330419,3.439518709428442,2,63.33828540160604,17,3,0
318,18,0.16551518319289282,0.05840187603123948,10.091129115926273,1,108.50831391770691,10,6,0
165,15,0.03404468021927775,0.01813299938835399,28.534375451607264,6,33.945944622591796,21,2,1
458,3,0.07796620443185284,0.02773152136229668,0.27436765895328374,0,79.49760784092821,21,0,0
1731,7,0.08851587588604132,0.059594381896114136,5.026783888550301,1,132.54206664279454,20,4,0
161,8,0.12206112616127682,0.041867899774562276,4.101613895609883,2,107.9418732451972,12,6,0
34,5,0.7066249604340893,0.8277379659999374,0.061437350641247196,1,21.340060261421854,7,3,1
1215,3,0.045676639203507334,0.0645066839057275,1.71774708080966,0,49.099475508367036,8,4,0
722,14,0.3820847465594322,0.1304773939513627,7.595747632181055,0,135.92698392676826,7,4,0
1407,11,0.2115500678727584,0.04148106532857985,1.5535575209658263,1,158.78993251209232,13,5,0
834,19,0.14087912812788217,0.18350602173229255,1.0358223284482568,2,135.97584491842642,19,2,0
1704,12,0.24550959470739925,0.08431133076473266,6.611866993309311,0,106.5275348268088,14,6,0
82,7,0.793985556602843,0.55950117737051,0.4382336750188912,0,10.461793399763344,8,0,1
517,8,0.09653484606028945,0.06409171286958935,11.90140809441517,1,102.64512843438928,15,2,0
1019,4,0.08658975248766425,0.030580083459162244,0.19324185265489516,0,92.7230747640239,17,2,0
1589,14,0.01997840500728352,0.23252309280157357,3.346316530770152,2,46.41149821558123,10,3,0
1179,17,0.4744375335969433,0.0646015135763778,1.553960688295628,0,45.1993761166451,12,4,0
770,8,0.07842616394333944,0.14922846555397135,2.8647958090262344,1,164.55091694424976,18,2,0
1180,15,0.19608327747398802,0.32664584618834025,0.6168948761337963,0,142.7282120413504,7,4,0
46,2,0.14199910819290423,0.029902212186784884,2.8994450938091103,0,110.594831925837,15,4,0
161,15,0.15366880698551422,0.14120962915335944,0.030472063429205026,0,40.34263190192362,21,2,0
515,13,0.02670992914385651,0.07568565181474331,4.996694914623799,1,60.03139128293739,20,5,0
34,18,0.5079284294776089,0.311824601474261,11.880575972657324,2,0.3782933663710242,7,1,1
1191,4,0.5596846364342016,0.007103107247853859,21.341858537369312,0,149.79361758725403,14,5,0
1008,6,0.0855713236561704,0.2496827057264024,1.4615167868794006,0,27.022842389953077,20,1,0
1198,13,0.2009446327986399,0.031193179631268178,4.042883105094439,0,49.142264255035414,19,4,0
713,19,0.2704418436054513,0.3757175649690591,0.1604104748539108,1,94.96316076428249,19,2,0
1356,4,0.606859606037683,0.10794916330679143,4.520638249454898,2,144.74632174383527,19,2,0
1558,15,0.11818748085016102,0.049781305635697555,8.062978118296607,2,67.63008668375628,17,3,0
53,18,0.6034600442312184,0.36937753518716343,0.8368016163038885,1,1.6775936114844332,16,1,1
1438,15,0.05666803591591781,0.32072076566958213,1.2660078135457253,2,119.40211724253116,12,0,0
528,17,0.1326514505627552,0.022062530770732718,56.6695308758771,9,20.3441515583299,13,5,1
9,19,0.4709450411510563,0.2735553558685224,5.957947709853981,3,1.9892286213249775,13,4,1
166,15,0.2180330520882857,0.4378532935443966,71.92596237623323,12,29.188933593482577,17,1,1
388,15,0.2466667909928671,0.09415319161335557,6.013966908665307,0,171.89254760205495,15,2,0
1395,14,0.08067060002627409,0.02828614444708058,3.4486894796704757,0,33.35313138237164,16,5,0
519,17,0.18541068452060672,0.06034741178528508,5.858687673414135,0,189.5059764675327,10,6,0
13,16,0.4594925516255527,0.3760512976624,1.2076544441226835,1,1.9948189503310918,12,5,1
1382,18,0.13024571742515534,0.0949200635856742,18.449673919647257,1,105.76971405431352,10,6,0
800,7,0.21146819418149446,0.00798688458280518,4.454239213929952,1,64.9693182310621,7,2,0
53,17,0.8417932756817328,0.512168403395255,7.692624831570209,2,0.43349529573998835,13,6,1
1628,3,0.11810696899695587,0.18097224713754734,5.403923739853876,2,81.17810816337581,17,6,0
426,19,0.4621654855817379,0.10971661988256885,38.52343091231446,13,56.44949078909724,14,4,1
1772,12,0.08665836359589722,0.028122821559020548,0.8669468303662943,0,53.02354482370113,14,1,0
1069,9,0.11482594705794551,0.05230130058587563,2.9937218276938387,1,116.9894074201369,14,2,0
1563,1,0.08517279091625056,0.07458677715365991,9.67515407026874,0,49.405017749517995,19,4,0
170,19,0.25891672786092546,0.12104470288135263,6.516788558712744,0,104.71108388798898,9,0,0
1790,3,0.15848718744060583,0.003878998756917029,5.001237999679316,2,79.13087313839706,10,2,0
1698,18,0.1440614728128948,0.016629700777640227,5.989110770877589,0,172.60131404032165,18,4,0
783,4,0.26462595842673414,0.2832651136414651,8.655391045177263,2,93.49554367748118,9,0,0
216,13,0.20369895492750348,0.025447119551670956,101.05199735026773,8,28.12581048117773,21,0,1
693,7,0.06201805459440902,0.03437543144778454,9.05405408762382,1,127.5977812174426,9,3,0
1606,19,0.3389223247930562,0.12144184025325756,0.46067609399196846,1,57.45420006295781,15,0,0
845,12,0.2668963190647995,0.02459634347873345,4.192201101834913,0,99.42047499644613,17,6,0
1716,11,0.17023541248654347,0.14519661123555044,5.058919789888703,0,81.4362725208459,7,2,0
11,18,0.4550259136826882,0.27430824765504125,6.240754576302043,1,8.19887387957687,19,4,1
851,18,0.1577368202106354,0.06735060299675855,5.725813505523189,2,100.75112728823638,10,0,0
871,11,0.13456291113390217,0.0637330845773264,2.7768858301325725,2,176.67320973373057,8,4,0
1326,8,0.12264106241516806,0.01746094790619414,5.614549056180303,0,147.75822631025105,10,5,0
1153,9,0.1334569440066096,0.06032695604265058,0.747719559204823,0,95.9475538367863,8,1,0
1797,12,0.20543990552874386,0.3077961113573261,5.1280202810383875,0,157.06315414576,13,3,0
251,7,0.7215001195419689,0.8072015024724859,8.17374680926236,1,16.61710653694057,21,0,1
295,19,0.2016070962653515,0.12507195112991865,2.5682729515067577,1,64.582785000661,7,1,0
1767,11,0.07459154489796367,0.06999609218113834,7.160890113407427,1,89.89271916485592,14,3,0
187,18,0.12936698063793609,0.07978888843562038,2.4042617815882448,2,133.39037198467554,9,2,0
787,14,0.04156695666206257,0.01437590725162103,1.8530471910988486,0,100.78894323190619,21,3,0
1731,14,0.22485082616610177,0.17181841116705282,2.843129302854929,0,196.58582561093124,20,2,0
902,2,0.1382340239630842,0.02744147162173747,1.3845071223567131,1,115.8852556846235,14,2,0
1661,15,0.16695257833536037,0.44969536310341846,2.4545276327756835,0,58.71296544144114,15,1,0
53,19,0.7948322055233952,0.6595168997208551,10.905617807873973,1,1.3530460224014327,2,6,1
242,14,0.3759181648339686,0.02746398860996974,8.821023006672997,2,177.59998984570456,16,5,0
51,18,0.27177802892039815,0.025754947511886166,49.27237834757371,7,14.685302309821818,17,6,1
274,17,0.04553349981641111,0.21036533570825774,88.56759084327176,5,33.575690862509674,7,1,1
1734,13,0.03321564902368815,0.08286063673208982,11.678277259803627,2,30.472386557412143,7,0,0
716,15,0.07631542125793159,0.16148004159503188,1.3602614704544849,0,94.83360953345247,16,1,0
813,3,0.07952770278907573,0.05666458031968848,4.364041908353674,2,50.51747658712547,11,3,0
284,17,0.035440514770146155,0.2003734297482652,5.350539313575243,2,128.69140667830382,21,4,0
735,3,0.014134811578711168,0.18262597971160427,6.02284320291246,2,94.35000300971893,8,4,0
81,9,0.1270708468842569,0.18868473522473014,21.010289728260982,0,112.68805372342426,11,1,0
185,11,0.28882689710019105,0.10941051478502721,72.78982913792538,14,92.17186419014253,15,0,1
1469,8,0.27580311834940624,0.020031835013083244,0.49840761952141494,0,77.28482517618292,9,2,0
753,8,0.07693072897283743,0.2472027171006365,5.4101272999232854,0,69.60415306203846,7,0,0
57,17,0.40800057708380405,0.5142627731544815,0.8440321468995876,1,1.7934219474201347,14,5,1
1764,7,0.01669053435867686,0.035941203121184755,3.800532905911037,0,95.89867100376114,10,0,0
901,13,0.24054471443416917,0.06719988797298483,3.3734229307635197,2,104.58242075766336,9,6,0
51,19,0.7333652475039873,0.5987985904553218,0.622038918920047,2,0.3067845388718051,23,3,1
1781,5,0.05182630983361871,0.04163201263064457,15.374040825976758,0,111.62442753901087,10,6,0
871,9,0.07262548358812486,0.2527279223450114,0.6751501683703064,1,98.64754473369314,10,6,0
1577,18,0.10702357206046617,0.09013087172888495,3.828655581225184,2,78.14341887371828,12,2,0
291,19,0.2738716559831827,0.09404881303412446,60.290184947935124,12,57.13065293382961,15,6,1
739,8,0.15807600636121477,0.19511150957159779,2.35349378230666,0,50.32703209956963,21,4,0
297,15,0.751878071910607,0.2650225007668462,0.5687021229832949,1,15.395931677942444,0,4,1
109,17,0.3003885679226611,0.0033041214093710663,12.2915176413589,0,72.44353984799885,14,1,0
61,8,0.13934061614106735,0.302229041644292,4.564438931179196,1,119.91537405380761,11,4,0
433,12,0.037571613004822244,0.09829687005217051,56.99956526006156,12,22.91403321960136,19,0,1
469,1,0.10143055134813873,0.10482553628889026,5.356903563652081,1,71.23443048977131,14,6,0
1449,12,0.06022269633352371,0.005074403194990319,4.413766640380369,2,174.5822209652397,10,2,0
531,19,0.05102872610477822,0.08228577470021564,11.247894398859545,1,85.63086476003917,16,0,0
495,6,0.3541344048628614,0.17665097040701883,4.462074828287946,1,155.1196041706442,14,1,0
1383,10,0.16765660808516514,0.08945267973870524,8.765295476785086,2,42.08066894626999,15,6,0
231,13,0.08577000361922377,0.04992053693297089,2.721243339553353,0,172.85233823827576,20,2,0
41,15,0.34414723903758215,0.42500797461919393,1.7493577086780707,3,1.287063115441972,0,2,1
635,2,0.112032778678779,0.2970853264147573,6.185252793734677,2,212.18836083174196,8,4,0
904,19,0.08712722051881439,0.15706080372593084,7.74249633502361,2,123.06431766243584,16,4,0
1549,13,0.2752874978666959,0.08553769923734261,1.561206896859081,2,58.666987479398706,8,0,0
567,12,0.32756036111046366,0.014268738998866114,87.03385317601233,14,143.37344666028284,19,4,1
1110,12,0.3318648614768534,0.04220581011123201,1.3001993243173813,2,70.69867636719326,12,1,0
50,15,0.4159045929488656,0.4532678373453615,8.638833972948841,0,0.44408366628560103,4,4,1
1043,12,0.22534368846387887,0.1508752480510075,5.7864914867178925,2,59.09239872419231,9,5,0
669,18,0.19961824439816037,0.04476600457490222,25.224189539323614,2,87.67536688757396,8,5,0
505,16,0.10981967371305643,0.10771115047492807,9.635997082903382,0,166.35068290784284,16,4,0
1596,18,0.26165399859754085,0.38658373336819096,1.711761884521767,2,63.154060260592985,8,4,0
1585,10,0.2894463057528095,0.13390360696899986,7.060960703195356,0,138.45550881502237,7,1,0
1314,15,0.1313250939271074,0.031168077950767942,1.0541460525156439,2,107.04460079342779,17,0,0
894,10,0.1668571084914881,0.03253742233362566,1.2934691077528233,1,111.7307284905683,9,0,0
524,4,0.1413984655404391,0.027004530130345396,5.641107778185841,0,161.68714394032082,8,6,0
884,2,0.1757712619765083,0.11988550879140701,12.687513820952319,1,65.15317272666411,13,4,0
1510,9,0.0708215884593575,0.22877586692600407,7.8429378097945,1,111.64268903737495,7,5,0
190,15,0.04170425792620994,0.062469569410194575,4.335896921489995,0,211.81739377694288,12,2,0
472,11,0.12331587610034482,0.1462829061765512,3.440751074032204,2,92.42724283771933,8,4,0
924,2,0.09771090674905211,0.02812070630777905,2.001835540224338,0,74.68201190287786,18,3,0
245,17,0.02899299512331345,0.07070592359281308,1.7719441716853435,1,123.7496879950557,12,5,0
1787,3,0.09867896423609353,0.10948004969547949,4.8233972229721855,2,76.41537131111069,10,5,0
3,18,0.5996512291589069,0.4119147288578215,2.2918154042600576,3,0.26407880893163715,11,3,1
1503,7,0.03886398140075626,0.31382644859841946,4.98586825379634,2,237.04309596422792,13,3,0
605,16,0.0049489672931141895,0.0855831821591359,0.4483618279998471,0,177.59078876558,14,1,0
1686,16,0.16265319595566352,0.09307430919036278,0.304482732857456,0,114.92437091708345,21,0,0
1043,11,0.4120389138409139,0.007700327626642848,5.856687633084548,2,73.78431250554414,10,3,0
1756,1,0.06423364501015275,0.15369278341963202,8.870222747169384,0,152.8317987792806,9,5,0
579,15,0.14002631342693345,0.08033675362170425,74.9651078310269,6,46.55605865052992,19,5,1
810,10,0.06687297868158094,0.024844481983288882,8.205756920698548,1,59.13472192903014,14,3,0
1668,11,0.10132399771257809,0.0795897738717976,2.983567059001973,2,259.3049488939139,14,1,0
522,6,0.13502813821176146,0.18038722308699437,2.4504257650969454,0,77.42321191817433,15,4,0
1409,17,0.014344580727858736,0.060646099803486,7.335532009243535,1,54.46257500209966,17,4,0
50,16,0.8497331880482475,0.31828041613031915,7.475915752820118,1,1.350494703983822,18,3,1
1,18,0.7462072809182757,0.22781567863179872,3.142704184200396,2,1.0912679034461772,4,4,1
237,5,0.905243940190821,0.5964607577538368,1.9531421815722751,0,41.41591844503087,11,5,1
1639,12,0.28027041415581044,0.01798859401818725,9.843254067305008,0,32.95638615263763,21,3,0
81,18,0.37601481292932143,0.020576327359216596,93.94592306322367,13,12.778037922401701,20,5,1
189,13,0.19781084653010592,0.09454173080123658,147.09045139079478,6,57.238003626576486,13,1,1
752,18,0.35343057688586604,0.16433162190770834,5.041355474014801,1,55.719285228894826,16,4,0
1448,15,0.12765394276100017,0.03034712425881356,2.3944100234295504,2,64.5535763227464,14,0,0
1515,10,0.08966163645843317,0.12310475314097034,6.526030412047154,2,69.27171487600896,18,6,0
1112,16,0.1009972054905564,0.043253561718983896,5.203246975576463,0,97.21057833644521,8,3,0
240,13,0.10805272082191049,0.0029688214209349453,7.236092348063817,1,78.29419165800358,15,6,0
200,5,0.12666267054832786,0.21794428130708723,3.353599158769861,0,52.7189837885075,8,1,0
71,2,0.297014560228924,0.1571507386304287,1.0634968098720727,2,148.36108110448538,10,0,0
1460,3,0.1735385777537637,0.055359409288795326,8.117607097818205,1,261.4973547901338,13,4,0
216,9,0.400338724178813,0.07398046568494286,7.277410412041447,1,54.97400257592622,11,0,0
1330,18,0.14295067780303894,0.01598576163805035,6.536032716650041,2,122.55059855620566,19,1,0
1512,8,0.13252321082042898,0.07994377664589133,9.68614188498971,2,67.52628326245929,12,0,0
48,18,0.6624596735972894,0.6241135482506548,8.858729531637469,2,1.0344863115117315,11,4,1
40,15,0.7446740559588344,0.38150119877696587,0.20954015563974365,1,1.3835502589720734,8,3,1
630,7,0.05806622763590181,0.28226247475367683,2.340092124338954,1,262.01259326320405,10,1,0
461,11,0.16225961032535158,0.11139697269954045,1.9763614558664675,0,237.37875606805255,7,3,0
365,8,0.11974525413372453,0.229580552531478,7.191185628698963,1,14.30530431638903,12,3,0
298,17,0.23295524373823392,0.059320964214563586,10.120329918711986,2,36.739799101820076,21,3,0
32,16,0.674508668621204,0.20076342604698058,0.1361218686883885,1,1.2368273548968012,3,0,1
1409,16,0.14820059390654103,0.034300134914323384,0.7454739674825375,0,302.5517904208382,17,6,0
979,1,0.2915599240958828,0.07561280578511878,3.815501427820729,2,121.46930017702562,15,2,0
1451,1,0.13705496462630098,0.14631628856950632,7.902242499255826,0,142.82741994801142,20,4,0
1721,6,0.25081726870213955,0.14732687812146408,3.107936208096424,1,157.67437646137805,10,2,0
136,12,0.18769619901107454,0.013533056196758826,99.22789605279823,7,26.502107702374566,16,5,1
335,19,0.07812414612755761,0.13130133611949277,33.840256059096646,10,48.21029465029396,18,3,1
198,16,0.2502665488819365,0.011462454975360659,3.6606816290902398,1,52.004923406034884,21,6,0
1772,5,0.1504944179514857,0.11027617857610526,3.553110242277644,0,117.64742721468923,7,1,0
13,19,0.8448445557394081,0.4525353539440999,6.896269396335518,1,1.3745452120843515,12,1,1
1153,17,0.42072935711026993,0.010521704059400233,6.3562429103397315,1,35.213300172807024,20,2,0
727,7,0.5054338331180831,0.1876075831363969,4.1104144245644845,2,113.57363191632834,15,3,0
1578,12,0.12274159877772517,0.07499609509961279,2.15352568910587,1,58.76107039217446,9,1,0
1328,13,0.16873994995439778,0.16149117161191137,9.721001477652457,2,152.95910956007273,18,5,0
1522,8,0.37468577669108083,0.18514516213077614,5.946958309561479,0,97.51729714634598,15,1,0
167,14,0.5315273375158758,0.7304529590315603,1.635911565292619,1,7.983964610543071,14,4,1
961,9,0.3342557208748083,0.06612742796463258,13.648520866213405,1,111.88295092279837,13,4,0
940,15,0.11803752870345903,0.01445321802367461,4.028280128988814,0,66.38443227316952,9,4,0
549,4,0.31588577142547225,0.22628367687140477,7.672720289294067,1,174.2081181635915,9,6,0
229,12,0.4766162273808189,0.8294447188614871,0.0987282006471599,2,20.18296904279972,16,5,1
195,14,0.10209868323110874,0.3524303833947986,2.5797682712713774,2,159.669346139603,11,6,0
1619,1,0.21077908093846717,0.012975091473073562,2.537226252920301,2,98.3770736358752,13,5,0
333,9,0.4200389076452485,0.06222860481789363,5.043850176269286,1,145.22991074453796,8,4,0
845,12,0.04670679629932157,0.0021559967434269366,5.1143376716076485,2,28.94196104235784,18,5,0
931,5,0.20757038311597642,0.1980870200393158,7.202623091926776,2,70.64213137643813,7,2,0
969,2,0.15418724357611405,0.019322999820318994,3.5324027422926405,2,195.2634152355942,19,0,0
1536,10,0.07135029395160171,0.04423069797379241,11.89136343771436,0,85.87642810497782,18,5,0
629,12,0.06438735372925003,0.2386651699453479,11.303860493360174,2,83.17559767267547,17,4,0
903,18,0.2186333708176075,0.1564259278360161,8.571683032058854,1,69.00161411859752,11,6,0
1518,9,0.08237186453802031,0.028095263581159574,0.4017985429081535,2,99.99748997654592,18,0,0
701,3,0.10018919672333097,0.1504183306605732,1.0367508864469241,0,90.9340307014794,10,3,0
115,12,0.24940679263970447,0.022431260098876745,38.92087435619794,13,11.213765680163904,10,1,1
959,15,0.3196117036719618,0.18879544054309322,5.487446647818488,2,62.8449073590489,11,5,0
465,5,0.16378789253936787,0.15203490243080123,11.234464012901553,2,84.91912641096205,21,0,0
883,6,0.08871139495875668,0.12644333714470474,4.1863008401147646,2,124.0537218612856,15,1,0
684,9,0.12406783239977134,0.20389363169841077,0.5631943691633386,2,103.46212761326058,16,5,0
41,19,0.665619849595868,0.32464759430396367,1.2113578150455697,0,0.7210220108931699,8,0,1
95,14,0.22787264775719224,0.013327780474422594,0.305663559547196,1,74.0087500621299,17,4,0
1476,10,0.38707036403610606,0.10095634971664677,2.704452651603776,1,139.3643567577094,14,4,0
266,17,0.39385085008966264,0.7673926412917925,9.598852892006255,2,40.55063176077937,2,1,1
1019,6,0.3672879766881291,0.3899912529578775,3.3039507913063297,0,107.4536285791456,9,2,0
1780,5,0.0993597741463028,0.20182478424184425,22.766398903908797,2,132.06502223207391,18,3,0
463,3,0.14340455687079134,0.05197804910124858,4.4404631575373665,2,80.17060985551437,11,3,0
465,16,0.2043945870029799,0.16126259361077014,8.467835508183741,0,42.69603425950335,9,6,0
232,19,0.04997265286724583,0.1833769563783124,12.036615824541977,1,84.1870556951762,19,1,0
1386,16,0.08467878413548387,0.04874077723061391,0.969671306176725,2,98.10272636983987,18,1,0
192,8,0.6857390010010121,0.7454804979115269,1.070492027198311,2,52.973150696181946,9,2,1
129,8,0.41680588842358535,0.58541584415764,0.12637154733397293,1,3.6379310563181844,16,1,1
8,19,0.5403360623765116,0.6059098937101831,0.037238833291944946,1,0.9512695997948496,0,6,1
1243,19,0.09606558171498689,0.041281729990664366,1.3313648888057263,1,172.94995171263193,9,3,0
1396,19,0.271459158939374,0.04523194699181515,3.0470057667048933,2,77.45135305048174,20,0,0
1114,2,0.10334471880624005,0.08592265883039037,5.197572266248558,0,88.83501227716457,17,1,0
818,15,0.15221075570587492,0.03768643190888634,10.779940100634361,1,143.04920468283325,18,4,0
1001,10,0.19351228513005325,0.03010409881548732,3.399715922451342,1,108.45449570491803,14,0,0
985,2,0.21501740390306265,0.4093126329375498,18.10293852713107,0,80.8884701191816,12,3,0
1300,7,0.16862220325683352,0.14696535488739892,8.154647085208017,1,52.62930362346157,12,4,0
808,2,0.04823614879932724,0.11998758496245099,0.7246552167011439,0,80.76906189635325,8,6,0
1541,3,0.08279283934528532,0.13501874046965923,13.61230011620679,1,58.455248283113505,11,3,0
796,8,0.3417963049542883,0.05410291694505022,0.27296655302039413,1,68.2003903234942,8,5,0
322,7,0.005219684442864544,0.010968223945043414,3.403083098245089,0,86.93470516436557,16,6,0
149,16,0.08415227413341594,0.08189829597025101,4.681806571585982,0,63.94845781099857,7,3,0
226,16,0.04677200500366954,0.36351730276543454,75.7856601819319,10,64.72355646049147,15,1,1
323,11,0.6732808798665508,0.16268729790546274,4.142146601633701,2,78.97721386134963,17,1,0
380,19,0.1953008970767154,0.13959292817257365,5.865031333201583,1,91.42505933215782,8,2,0
273,16,0.2577209500088507,0.10612878624672188,7.1678966007752045,1,144.29935211512833,19,4,0
1584,10,0.06920358329978027,0.023874269081447196,4.995020065210289,0,125.94926915882647,9,4,0
1294,16,0.11102661323621688,0.014824046871571949,3.288166993990011,1,102.47548156000427,12,4,0
1360,17,0.07495260424540955,0.12003253018612871,13.430286530579732,2,170.07291013356823,17,6,0
1553,1,0.26808747463815524,0.0040848149178422935,5.019348520062718,0,152.431509742485,16,0,0
1249,6,0.2833168167740731,0.08002829946362569,1.8652758578757445,2,48.96680407382246,13,1,0
42,1,0.06886986239183243,0.055599370200423624,14.501213224666564,2,38.30231342726064,8,3,0
1375,16,0.19575123044989323,0.010245536834846764,3.538287622742618,1,168.55300538570197,8,1,0
452,8,0.08601689466699768,0.0199286804305417,5.4903011704724625,0,176.3526294450387,21,2,0
125,7,0.1349927310011307,0.16207417290778672,2.636939942990357,2,145.1119723048753,14,2,0
1581,11,0.12265445365800741,0.022858119526296475,1.9338359468782804,1,96.4844935300956,17,5,0
283,1,0.18583280868959418,0.011288934980406217,4.983565255816687,1,88.13124681506545,15,5,0
897,19,0.07742860754873639,0.2269863445251348,1.3241808365457441,2,85.75044538417629,7,6,0
68,9,0.1758110516130293,0.3088706402219643,1.279732549189163,0,63.94089029248339,11,1,0
272,13,0.30814286561905074,0.06408218661985302,71.08115104544302,10,16.134928583503527,12,5,1
554,15,0.018243883676608,0.011455938727617472,6.964378865345052,1,89.70958205892474,19,4,0
770,5,0.13741308700811838,0.18397055899165862,3.50614680791839,2,101.87006616406052,8,2,0
579,8,0.0488332475365427,0.0034904007854826874,0.4763200308830443,0,45.54423835624448,12,2,0
557,10,0.062115642684813864,0.05308313292897201,85.73390456622681,13,30.817365199847305,12,1,1
317,3,0.11448407707203033,0.38884237064511024,0.5766399177615683,0,112.22254365770623,11,5,0
827,8,0.21566865248898728,0.10441926251752849,4.005048716629688,1,81.17197462988428,11,5,0
329,7,0.08407769657223722,0.07461918646871465,11.17661684760797,1,91.87994727971173,20,0,0
142,11,0.18632867377772735,0.08678012649534789,15.553527023490282,0,48.99131853118672,11,1,0
26,15,0.8461069428739061,0.37477186361593007,2.1741058858908326,2,0.910656695828034,13,6,1
594,9,0.4787489306916642,0.479217712749527,12.343045687483269,0,61.260204569364475,12,4,0
264,18,0.044483739730214654,0.05993921210622375,35.16009929493205,8,28.049526102260856,9,3,1
1574,2,0.11330795003100426,0.034474196199097015,1.9241002694868166,2,80.30699718810061,9,0,0
201,6,0.18552842386448676,0.09958127564152193,3.6798260886240994,0,48.69830938800695,14,4,0
357,2,0.29391617128670483,0.08351331719585924,7.960278258472415,2,119.09906037081106,10,5,0
234,14,0.03872582184773895,0.1222829276081898,10.277003640823198,2,81.37160622868518,17,0,0
1550,9,0.05602857225552296,0.32198001072766286,10.650989008604919,2,69.94967250722281,12,2,0
14,16,0.6012419392422761,0.28023567693117196,2.281286727757173,0,1.8641266131199372,5,6,1
179,1,0.08895199240161601,0.149233704654721,5.787548552924887,1,130.02697719740806,15,6,0
876,12,0.10472424685960792,0.09962127728191213,9.23377947474788,2,98.09579297142143,16,1,0
531,12,0.12542904617566183,0.012398388661548061,4.367736757663298,0,103.05427164320294,9,5,0
321,12,0.21871027035384685,0.18295541135447996,103.70999453073455,14,21.781850146596607,9,5,1
798,19,0.12411270848565265,0.5597028174122375,9.697006833495008,1,26.72546538601107,14,6,0
787,6,0.17019023747822684,0.029687390119133378,1.365090950190024,1,42.728135117844346,19,1,0
441,12,0.07315621570432579,0.4736489786465119,10.244588792802132,2,56.620398533916244,13,4,0
8,15,0.8055699109095094,0.6009321236321201,3.514192426637705,0,0.8605280279707092,19,4,1
1544,9,0.0897092360584367,0.1077451032486583,8.985056346187525,0,141.09866247223715,7,0,0
1041,13,0.3032529310456243,0.12114944988205391,7.9885034713999366,0,141.44073585560918,17,6,0
3,16,0.5513006243918499,0.2059162673392722,4.055237289171741,1,1.2460872118239725,15,0,1
1041,4,0.02409085575336108,0.19035432378919445,1.4025583548398124,2,163.01355066907928,11,4,0
444,10,0.11638250358593119,0.04006296347006142,22.313918588955804,1,66.37056776369833,14,1,0
930,2,0.20781364564345453,0.022712405169825874,2.1324709033064893,2,108.33119109676028,8,1,0
1384,19,0.02057380068225562,0.09424585982557321,10.261973305912138,1,71.20380101418792,16,2,0
55,16,0.8079653580641748,0.1301293882474993,4.572190732087396,0,0.6639909454625655,0,5,1
798,5,0.2288408761668127,0.1864639351146191,3.4031699395560415,1,91.2338740960669,14,6,0
1073,16,0.18525342002280673,0.3213117320767444,2.4447201491612134,1,43.961420499716695,7,1,0
42,18,0.779640313633625,0.10652570312861588,7.751465614766616,1,0.6370512401305815,17,5,1
1240,2,0.17663205661634523,0.2529610931113297,5.65965131792414,1,238.9666867109907,20,2,0
984,16,0.16978512749202732,0.2038944662241253,1.6515121847608498,0,56.099784868436124,11,3,0
378,16,0.36395177112353483,0.10656339813727779,2.1773320583075413,1,56.76364131979895,10,3,0
198,6,0.33431223918580966,0.23012996201931485,3.3641458140582623,0,109.5511624535695,14,6,0
601,12,0.17094374080979557,0.1570481356847803,1.2630301399371824,0,120.30903421222524,20,2,0
1690,8,0.01077196506196609,0.19047419509625635,3.1190051958575906,2,59.43319323506649,8,1,0
1492,16,0.31202480371449953,0.1010058969085088,15.198349443321899,1,68.06348017017868,17,4,0
365,15,0.3823860978389308,0.1384165897649101,85.93338796222216,5,67.61766269617345,11,5,1
261,10,0.4632660341793277,0.7361051849206363,1.0088363070827504,0,15.37502929981282,20,1,1
1393,8,0.13958057988096134,0.2187575979493522,4.519578889699768,2,99.04721143633233,7,3,0
47,19,0.4325176236106811,0.4090852453624491,4.799489887413317,1,1.5529151024651013,3,5,1
15,16,0.48065853072476655,0.3129863206834625,5.0745826091062565,2,1.6226943125176294,10,0,1
109,13,0.17245064377668812,0.0629791664483617,40.822048318522874,12,48.8319928987489,16,5,1
48,17,0.07286589130530136,0.04737598210034072,15.890843781983214,1,54.47009866442006,20,2,0
34,17,0.2827590006668121,0.1070316401247437,91.13568348586008,5,8.63169162176169,20,3,1
1441,9,0.046294877518116714,0.28365322858028275,10.808614017523613,0,75.88147214965679,10,0,0
896,10,0.14661046573297443,0.05537154423134578,0.27756701431566816,2,96.44219758288884,12,2,0
938,12,0.32802373905330756,0.11671395392459524,0.7008822323986299,0,114.26624585532791,12,5,0
39,18,0.5660211729250059,0.31160296385134933,3.064482907919218,0,0.1651426490522364,17,4,1
789,12,0.21935596559610243,0.17711104294144364,1.5798539080525624,1,35.97530115179631,10,4,0
158,8,0.027500188863517266,0.006209141546130229,2.4552050429590557,1,73.17420269322521,12,4,0
50,15,0.5128729385629016,0.5220894849869351,2.1417751328201478,1,15.03797409520211,0,4,1
292,19,0.7299641750678133,0.7442151596688222,2.8415995439493917,2,39.75333044140277,12,4,1
1087,17,0.055594795151899815,0.3869011389180026,8.23700681106969,0,94.39836974419292,9,5,0
758,11,0.2403708451743196,0.01246983815272515,6.686970224481138,2,96.62043521522494,16,0,0
1553,14,0.14246579249244104,0.16503794620497234,14.43646389083892,0,152.23265139893383,15,5,0
841,16,0.22664635614431292,0.4115174405932044,19.124811318032844,2,41.53280942058798,8,4,0
571,12,0.10682847597504214,0.026310695176190342,4.51524813326491,1,66.89536366841108,20,6,0
1262,17,0.10717192721645659,0.002400793976373174,4.804297555403544,1,101.74252042185203,10,2,0
953,5,0.06962516830789853,0.07876420876364024,3.2081349655269245,0,118.088355221389,17,0,0
378,11,0.09043053281094282,0.06453223563483802,135.07063152702952,14,10.217818005125926,14,0,1
4,19,0.5278828394409948,0.46336634954339456,0.21245475853344203,1,1.371448966934961,6,3,1
121,11,0.029943291859671477,0.12754471685341537,4.235467414565504,2,118.01803575500843,16,0,0
1190,8,0.04038323833601376,0.08115399270539035,2.1074181118182094,1,77.57726715570713,17,2,0
729,9,0.2273665069675936,0.13048178185154152,9.77654332813032,2,118.61188050654285,14,5,0
301,14,0.3136386973328497,0.04456188359559132,5.863454991629234,2,62.16402825724217,12,1,0
1681,4,0.12263074032991728,0.0352654701904716,5.586532541519129,0,182.67333422703314,20,4,0
1420,19,0.0871417047632889,0.08346656194243951,0.23158507050016366,2,143.70245639076333,9,4,0
23,19,0.510367597999501,0.5011912572810836,2.313548977163962,2,0.2275415183188132,23,4,1
1709,4,0.2610230372274912,0.3851755718149227,5.792904234672741,1,260.34473497691783,14,5,0
294,13,0.7199467207834346,0.66878930958331,5.613251380511564,0,7.459420685075512,4,5,1
1462,9,0.18311763224117356,0.13375570049776192,5.251072266851157,1,137.3884625911804,17,3,0
710,4,0.08529405527750263,0.14965704213835612,2.161670805935894,0,147.27329265970906,11,6,0
1417,2,0.15770734560434438,0.0908261923954113,8.216766425920351,2,151.9207038380743,17,1,0
19,10,0.33450451836871237,0.540701532245086,3.4851546379639435,2,18.542283230599132,20,3,1
274,3,0.1454083151295503,0.08642641123762071,1.9173038714682926,2,109.39910051878611,10,2,0
11,19,0.45358525056900045,0.2933174682852286,3.1827792730525872,1,1.447398873088819,23,1,1
1374,3,0.0849187641488261,0.26645912620561657,5.897006698088833,2,63.84158838514632,17,4,0
37,18,0.734317522497188,0.5070515731252072,1.1973275341326415,1,1.1652605137762446,5,2,1
591,9,0.037368092947247925,0.09092160907364746,2.7442163419677583,2,128.07907684490894,11,2,0
1793,11,0.031236450668711436,0.0053263254377138546,7.095806753225302,0,60.80171012922311,21,6,0
1658,2,0.41158114667099444,0.138678484714829,1.9206487242117134,0,114.96914713307456,10,0,0
739,2,0.3234052277685563,0.1384115547996608,3.4015878475229497,1,70.92644242865022,11,0,0
5,19,0.5581384473938582,0.6474050606783607,0.5249424418198946,2,0.8563694318701397,18,4,1
1348,5,0.04505043512752911,0.053838353269895965,9.759108949103101,1,132.11010307018287,10,1,0
967,1,0.31922278360821593,0.2485203250872639,4.339395749767935,1,80.97526667675181,14,6,0
1123,3,0.3006732892788488,0.026539925479403117,5.805696984075475,1,113.29550076234793,14,5,0
677,19,0.08780798737826633,0.15378250618996783,25.73579184694715,0,31.363789586564664,8,4,0
1157,1,0.2473726575796785,0.14282599236568388,4.285247417296186,1,108.7883047416239,20,6,0
4,15,0.4015114440157728,0.4437165437563587,0.038135551973842885,1,0.3215069681638154,3,5,1
31,10,0.1335242555586762,0.023810523463616517,61.94913622773988,14,34.27506891403057,12,0,1
613,8,0.1793329614028512,0.12653172956066863,12.133365475629974,1,65.32435120155115,19,4,0
43,3,0.1908353166869385,0.031236671555048202,4.022477688961166,1,73.28293186325821,14,5,0
93,10,0.12917566029720398,0.03519821447131073,0.5079939248003092,0,153.5641641192329,9,4,0
796,6,0.14000576145317278,0.09943505126775767,5.62901657624731,1,95.44101854417883,17,0,0
1758,7,0.1215169686624585,0.0816154227946343,4.079683413104688,1,55.860805041039434,11,0,0
1250,15,0.09577826490740741,0.04241460744373045,6.205053731934937,1,151.28572670636566,11,0,0
680,15,0.029544962302009453,0.062229420933144736,4.933959310866248,0,132.87148394560367,21,3,0
859,11,0.1685551182992382,0.1349213141897295,5.353425385883834,2,77.07464657654666,18,2,0
1212,11,0.0008528163881895631,0.019883518140999378,2.543114390733851,0,162.19808316812544,13,3,0
326,14,0.09046999108577294,0.23871525519549822,1.2875300874704108,0,110.36423224474646,15,5,0
1750,2,0.06377049847893375,0.13668636739138093,6.8526769745987295,0,51.636353015194494,9,5,0
569,8,0.2244052839005303,0.04273125478033333,4.861344541903428,0,69.33392913378503,16,3,0
1244,4,0.25288364805015606,0.11963819403191871,2.2384719782157103,1,81.2177321127499,13,6,0
92,15,0.08764526375852676,0.05451140466309218,7.310936047294097,1,154.74374171434644,21,0,0
1330,12,0.22359932918456246,0.06118207279038395,6.633072768669071,0,129.00523893979545,15,1,0
9,16,0.7044509249414569,0.6199508386612277,6.305827811098702,3,1.797690657091701,11,5,1
913,3,0.2525219260359753,0.0007423675582712457,4.820614043972603,2,117.10004940773484,7,0,0
284,2,0.1114270509089356,0.12104154632752245,7.228224091995589,0,164.3008227970464,14,0,0
180,11,0.31529968133551745,0.24009391219553008,3.944334042297944,2,43.561992956194366,16,4,0
1198,18,0.09671497910567652,0.24549770016647823,5.78751535891422,1,189.00839132348295,11,4,0
182,2,0.08317712957524771,0.09776566078474913,7.862595108223929,1,142.93208739754886,11,1,0
11,16,0.5900316085680971,0.20726126525111702,1.9580920242412754,2,0.5564747323357312,19,0,1
767,4,0.24962988906417446,0.4357536072208364,2.967973007545915,0,64.05230291583904,14,4,0
420,5,0.052190255626169774,0.14939546701130485,14.780803491398764,0,134.00550162634846,8,6,0
42,8,0.44120202664571173,0.6231254152393527,0.07861003969584465,1,25.84834702887354,20,5,1
205,5,0.2840782903688562,0.11018921299630496,3.14823610308783,2,79.8874894519553,7,6,0
560,3,0.017625776129342262,0.1798758656045032,7.454640103725138,2,92.35925410061262,12,1,0
764,9,0.018139967042762214,0.06008004237793123,5.002169788340144,1,11.652604051079717,10,2,0
594,19,0.03216707375466111,0.048679146403485106,0.35291172393158426,0,151.79971613546624,19,0,0
1040,19,0.09053680135759104,0.17575823620881703,11.684919941384305,0,253.5144712818174,18,1,0
300,11,0.10007056749649622,0.02949522330344171,1.9587868698935345,0,45.435740266437804,12,6,0
271,14,0.1587301897085144,0.032986943747222594,84.07768581033872,7,40.65296891025164,20,0,1
834,7,0.14568862378274047,0.3651110940108266,5.414633558864799,1,157.6439975084649,21,4,0
1217,8,0.055752217283461226,0.07490446258837256,6.399071512826643,2,47.563059785929795,16,6,0
1578,7,0.060955213100178936,0.10897931637940707,17.79252756304317,1,46.65811515034629,10,1,0
410,18,0.1634886392889351,0.27332263729523515,82.85251849988941,6,16.28847173283443,12,3,1
8,19,0.4663589355047161,0.30279941003382516,0.9406127619185369,2,1.7147548602605316,5,2,1
361,19,0.20016007396211932,0.2457469200392724,11.402613127921821,2,84.13446102882658,9,6,0
1384,3,0.1379530465816456,0.01186730723187133,2.3299234749794593,1,79.00416829076835,17,4,0
1527,1,0.052458764325365774,0.026787406447414952,7.0549117937172365,1,124.28361302459491,18,6,0
1554,19,0.18008196375683141,0.03733523761444584,1.2671826475492882,1,46.56298344626204,12,4,0
91,16,0.31302907138591557,0.05888477487982908,21.99692502372677,1,100.83260549833946,18,4,0
1475,4,0.09626830782599625,0.16833094575320542,4.855382277563492,0,175.03500458168492,16,2,0
1494,5,0.1728617555322715,0.12590696256467201,4.448824809148755,2,81.0239566192024,19,5,0
1153,7,0.003695212070665475,0.08431888507270108,8.437578048520743,1,21.94540358331432,15,4,0
33,19,0.0553839029671152,0.14724237351905334,121.39777227845786,13,64.7013083184858,12,3,1
41,16,0.8655919614710993,0.3787227844634909,3.21925607077151,3,0.14072562329809735,11,6,1
540,6,0.20462013549870153,0.11146283311737934,9.45557142095274,2,34.00117174407364,19,6,0
876,11,0.07218882277102683,0.02364300544374936,0.8487690994010513,2,73.00662121671937,17,0,0
103,18,0.2389667231587545,0.08924579497073373,54.400915704071245,8,33.68415198384819,16,4,1
324,8,0.059083582537908345,0.05146447108226839,7.894045862720876,1,123.24034348473401,12,6,0
1390,17,0.07573344527411074,0.17983594449798726,7.555297098532393,0,103.78013095007117,7,1,0
1741,12,0.26304125903507586,0.09195303983826547,2.6441078117877863,0,102.74500664665553,8,5,0
755,1,0.06233062803586142,0.030914838502537692,6.331772274718943,2,41.906657012474106,11,1,0
188,4,0.11691345754870726,0.10039337708731749,19.25353355713817,0,231.32866390305986,11,6,0
238,14,0.18019826544752315,0.23142325077653925,1.1009564083293941,2,50.50134582631769,14,6,0
327,17,0.12488507080425991,0.41682589536395276,5.755400315618761,2,28.700680592472814,17,6,0
616,9,0.012938111719024623,0.1205923001577515,0.3138221587619954,1,72.93240896286855,12,2,0
1114,15,0.26153297542563503,0.14280421938462487,3.3705632844389606,1,58.23782816538661,8,2,0
1796,16,0.20572559343145233,0.03217147883256052,2.7482576534110463,2,67.93528531561653,12,2,0
1188,4,0.05635571618117615,0.10664520783701913,5.073445646486748,1,87.94413575549765,9,5,0
906,15,0.20579666072061012,0.11097123085987365,2.2298284642774897,2,106.89972746628766,16,0,0
1404,11,0.28285429848301674,0.509376653648468,7.073149132003225,0,99.8399231556801,18,4,0
1294,14,0.05010370613137434,0.0415796673438152,10.179345944789905,1,108.93623702594225,9,1,0
1720,19,0.30377940581319535,0.46143760264661515,3.1758226331051285,1,77.77487066709924,16,2,0
1562,10,0.12350952938876522,0.15023484488191055,0.5225799300489163,1,157.60458660837622,17,5,0
1238,11,0.26608485298497053,0.1948059009636621,1.2495646277363086,1,91.56124697789886,11,3,0
15,18,0.5083198014183741,0.283052877159253,1.2213338281233868,0,0.7830389339057868,6,1,1
1645,17,0.06227987840365337,0.18080774345251932,5.349494475525689,1,72.0673837294298,10,2,0
8,15,0.5445370829671344,0.31626245922919727,8.239048732188746,2,1.0741398829021749,6,1,1
1639,14,0.17688845694190755,0.054715075291898695,6.374451795299672,1,84.03363916724533,10,1,0
1111,1,0.3612561316018914,0.029961532159316233,0.3648845635072597,1,92.0128357914745,19,4,0
460,14,0.06970983960805635,0.18798131510497276,96.19008734102384,13,81.20717443250027,11,2,1
1058,1,0.2856209106259756,0.04466120230564363,13.68166412881085,2,71.05491425929473,14,0,0
539,5,0.08596084273293372,0.014492611495051079,2.7544482803285164,2,74.82946255113399,9,3,0
82,10,0.1334392729300174,0.12498460642621552,5.488586121402985,0,240.1928429772404,13,0,0
1318,3,0.004399406184373235,0.02869349503650209,5.14622149953973,1,69.27735233530433,19,3,0
1651,6,0.44039460447957923,0.004103800868117693,8.650346707910552,2,103.72615470685864,20,3,0
1399,11,0.03548845052229332,0.016456499158582372,1.2497856756390466,0,128.77782473058684,12,4,0
1462,10,0.42211248981225535,0.08886071591378139,14.844106541584223,1,131.18922215031495,11,3,0
118,4,0.155759647482943,0.2208546909056806,3.5106071619598453,1,169.74896229739568,12,2,0
322,14,0.0178074912359765,0.11798810763814503,3.062038449867069,0,38.40978074089091,13,6,0
1548,12,0.28982422160137034,0.12394638602347864,0.014289298852969493,1,58.27542340534524,9,5,0
51,18,0.6852094776988669,0.4960991271038538,2.337881056217382,1,1.5218946516887324,5,3,1
44,14,0.05006646957081188,0.019777204408019788,37.705421944161614,5,22.101142398322285,14,2,1
1559,18,0.4290628755542448,0.2057606832378925,6.52446571025866,0,51.81324352969008,20,0,0
313,7,0.16157385406164956,0.2598253755653489,2.4941581045780428,0,41.45987019266198,11,1,0
1313,1,0.06769161061137964,0.11236252062931498,10.194414454274643,0,64.67767887651054,7,3,0
32,18,0.8849853418371338,0.5329131299119402,10.813291019792306,0,0.33724291946521623,16,6,1
1618,10,0.0617106299438771,0.37271878965862576,4.584451886209222,1,149.26868106632674,7,6,0
526,2,0.39341248291281605,0.28272096428258175,9.897976743647625,2,164.83199360159364,17,2,0
388,3,0.06341783820564507,0.04779884618342473,8.65609456462531,0,66.64462616888285,19,2,0
1727,5,0.11527555811978542,0.16303717441606147,3.0912791528998347,0,67.4033141953561,9,2,0
1013,18,0.10825050489248798,0.3530336538454281,1.456107362444597,1,109.10759346237258,10,2,0
1316,14,0.48166563246370653,0.20763199198892185,6.611191361510665,2,174.33601372994735,8,5,0
1730,4,0.11112501419262806,0.29777486540405446,3.6056100415035646,0,103.02352668143226,12,4,0
595,3,0.07717575090412751,0.11904570490470417,0.5703195729494419,1,58.92773904525118,18,3,0
767,1,0.07576636206884076,0.2768018255850917,7.629976522794075,0,41.60109060009478,14,5,0
854,5,0.15744895075828044,0.014713850798911743,5.032089720071896,1,46.55539153512726,8,0,0
726,5,0.1737012206149336,0.14310373815830296,1.8497455857867717,2,78.99465577742681,8,4,0
149,10,0.22850985901426138,0.1316284669296129,8.438171968217624,0,45.25329120957544,12,4,0
874,6,0.12251126909177122,0.03380866249984897,1.361305702923793,0,228.68657655332615,11,0,0
189,5,0.5526931639970483,0.4040095220801841,0.9461590022874812,0,13.99035554475925,1,1,1
225,12,0.5320436631519007,0.8916838550340529,0.8225224830330836,0,3.81384118600164,19,2,1
480,3,0.12279560813481172,0.12605210784008716,1.9004689648387534,1,85.70678420554886,9,4,0
1542,18,0.1324402618836217,0.2260152954564765,0.27302550741436277,1,97.86115239093294,19,1,0
32,10,0.16377862212302516,0.14175053060666998,2.7166872079010975,2,15.161299219263878,11,1,0
509,10,0.1279365657031068,0.05834864967498698,5.63887206431696,2,58.93168355443005,17,3,0
1005,11,0.1528891287794043,0.29133623082004445,3.3898916677408892,0,20.460249703775236,7,1,0
1778,7,0.0631355472395355,0.02278467185771021,4.809697284871674,2,50.1707766790731,14,5,0
1656,15,0.14949873331268948,0.16581598090808938,1.2383248701636473,1,117.91210320012596,15,2,0
1009,10,0.064537929367125,0.020678930583015412,5.720793995298851,2,113.90318850922836,13,4,0
418,1,0.038432242504041814,0.015704153144135747,4.141968235403436,1,68.94370351646162,12,5,0
31,16,0.5529180428955763,0.3086538954150614,2.209762288746609,2,1.8446057154649913,10,1,1
1,16,0.6220136832395049,0.2003194062560044,3.554388716421157,3,1.0304120791077238,13,3,1
1082,3,0.03893202575721987,0.09217754284709657,1.3393763079993295,1,74.16944167397529,7,0,0
675,2,0.05830471025166779,0.11423618610028193,5.78921269451937,2,164.96092651386277,16,4,0
552,4,0.19702201748409096,0.19236488969194795,18.025374454845768,0,109.39046595925541,17,4,0
270,5,0.6799770217672962,0.6009149854067987,2.5209012739724694,0,31.431314460111498,20,4,1
1313,17,0.08071029442742213,0.18238980224849863,2.130697643731255,0,63.8916997641015,16,2,0
210,10,0.5828216528700116,0.7285111216648329,4.940451044380701,2,3.6459949664461186,6,5,1
166,10,0.5719993205536549,0.4926756881378918,2.9268356515501934,1,33.676027594282374,0,4,1
69,17,0.601792466147238,0.59327140189845,6.209740989947942,0,19.881729966958762,22,4,1
551,4,0.3197471264249078,0.268174706515493,13.100299831026419,2,156.5751345261375,14,3,0
1185,19,0.025592306417760776,0.12960165319358824,0.7069722573373745,0,142.52465055160715,13,1,0
823,6,0.22409989009206788,0.07955216291439653,0.7836911615470611,1,70.1681949751202,20,4,0
391,16,0.5108324277157952,0.1719231583197227,32.877492286336945,12,34.79119338352787,7,6,1
580,8,0.2799732113932666,0.08582208446934753,13.23055053464947,1,85.25186496111476,18,1,0
1284,14,0.011415469707307167,0.31361192399409815,4.57372385940438,0,158.61576548189703,13,4,0
1665,5,0.10925321516673311,0.4308724442541208,5.0023701037760295,1,156.66682429564676,8,6,0
293,13,0.8745152908572492,0.659603140574047,2.3568915932785717,1,9.587788712614202,12,0,1
50,17,0.6965863810971532,0.30347627354986917,3.444170819984944,0,0.9258258792751367,18,0,1
223,15,0.29296727889780094,0.021657693034546344,75.11381273076744,11,41.34936652168136,11,1,1
1107,6,0.19998692608147026,0.09661365448030022,2.156572591669987,2,73.90622001949474,8,3,0
799,6,0.42767920437514445,0.0392735694032414,7.0800302367815435,1,65.0731546417879,13,3,0
540,4,0.07085980446582484,0.12311627865794626,4.284851934441499,1,91.8797452857509,10,1,0
129,10,0.3627598700413618,0.15454331165038993,1.7765849567862773,1,132.45097527234287,16,6,0
351,2,0.18629379494762344,0.002686266716367606,6.8201456660218245,1,118.66650810872842,17,0,0
129,15,0.6866576283667905,0.871723210306058,1.0668305632565667,0,1.5450474610414557,13,2,1
1396,17,0.07386567816233507,0.061594091455128695,4.059057228625582,1,133.08960053288155,10,0,0
764,4,0.30005437435161364,0.014491892038397661,5.8744612397441225,1,73.22732608604124,20,4,0
498,18,0.08102767572002227,0.09741771751738683,1.9931222867893603,1,83.08330095423912,12,0,0
802,18,0.14495435935659845,0.18355147346193307,2.6185643793109716,0,220.08148994157875,14,2,0
1382,11,0.019048977959974935,0.17956460941929175,11.269846670287656,2,73.32356458843888,14,4,0
679,14,0.1642391975414782,0.15861576739829203,0.6917223215504367,2,183.3469315632598,12,5,0
18,15,0.532854650755931,0.48727556446279624,18.221408574823908,1,1.5291784410075797,13,5,1
837,4,0.2777311415571688,0.2006955010302664,13.257180952250494,0,159.17180050440956,10,4,0
377,11,0.06780463698777107,0.05272009120922008,20.12268359222141,0,37.682621560049576,21,3,0
46,19,0.6288146853709075,0.3425702681393078,8.026785988450674,1,0.4496677114924813,4,1,1
50,18,0.811271919656329,0.35752826104650703,17.53648019383785,1,1.119406833588681,7,5,1
1030,15,0.31503360808143677,0.12287402471613379,1.928254260407171,2,72.81689430920774,10,3,0
205,15,0.6931922623871515,0.5895396545125319,2.769803535748269,0,54.09681982215743,22,1,1
1557,8,0.03189176859559435,0.05183247518042688,5.560625034151649,1,73.21681704408545,11,4,0
119,14,0.7202106253836644,0.7819452364728634,10.140733246993612,2,0.9442949376529225,13,2,1
301,19,0.36676282853888814,0.4391781569047077,9.216060609990663,2,89.07725391734263,11,2,0
170,10,0.09097621997752232,0.013448235067516419,6.560076337156305,0,102.9394704803539,20,2,0
27,7,0.8257674230001256,0.8348534768347502,4.367029024521034,0,2.8149874795623915,5,1,1
1536,19,0.10877620255761786,0.002290141049638569,1.038173289082414,0,143.51944677788129,7,4,0
133,14,0.39565309486600003,0.7067688495796437,3.5351891358318284,1,19.1303612385454,0,3,1
342,12,0.02580405552607731,0.154128469527287,5.317520103780125,0,126.1996720779505,15,2,0
1336,6,0.23119030341326818,0.10593444495452232,2.4320974920830887,1,170.33902025148467,18,3,0
1601,11,0.1054677348382761,0.022387926110235965,3.2727967310276087,0,74.79364298799518,10,5,0
231,16,0.06355641599376137,0.12368951571144941,48.22412346705576,9,25.88893649240204,8,3,1
1733,17,0.19926965076383027,0.09063188167275474,2.950888670894152,2,59.30606158887529,9,3,0
1535,4,0.0629155530504344,0.3126672565490736,11.942069845516288,1,179.77398902815116,16,5,0
687,15,0.2464306556939465,0.23148207688523464,7.949554493638894,1,158.36544945717964,20,1,0
678,17,0.1331080076045398,0.004397707033528176,3.973666267892028,2,74.85421606315427,17,3,0
1103,4,0.052331881021738844,0.06641398756033287,2.6374220731374662,1,52.30936433049888,8,3,0
569,13,0.05830848209781219,0.09982853620893112,5.5451127052704265,0,117.12891193769458,17,4,0
682,13,0.22399598437352936,0.3509014232736729,5.469566576172729,1,90.65023533444864,14,0,0
1756,11,0.11319793869014029,0.04723104974802978,18.729263336159267,0,48.866305686234845,21,1,0
702,8,0.13316631255898945,0.10389366820743204,2.899420231453473,2,87.00817278193927,14,4,0
834,2,0.356632719668298,0.10481781593764182,6.981236898600746,0,77.8654906173974,9,2,0
554,3,0.03400816616752445,0.23230383246116065,1.7492698029924474,2,142.2631337814678,21,6,0
666,16,0.2572146801878355,0.19295580245599833,0.42119678232685487,1,22.89593255325442,19,0,0
347,3,0.03457315414883083,0.10372060542902173,9.062651162803617,1,47.61175534850432,20,3,0
238,10,0.6580914025688991,0.6835748069563823,3.6664548551009495,0,36.17173408781114,12,6,1
368,10,0.08247134161580033,0.040406614241043026,0.37924690134715905,0,126.95474388471237,17,0,0
1530,8,0.11489867720623015,0.17709941113459662,3.311623970483435,1,108.96707319215146,14,4,0
793,18,0.2567477262591256,0.02389391364862386,1.8894640220169738,1,66.51728742934078,8,6,0
254,9,0.21832482232638273,0.8852108194259842,2.2527073789247387,1,6.596829955242142,20,0,1
1711,10,0.22042558688126535,0.2848885509731737,4.933722642017084,1,96.58709345761972,16,6,0
792,18,0.07048912749580852,0.11199311577548739,10.233972779501999,2,208.3214101585389,11,2,0
832,15,0.279354326680363,0.04087830520546692,4.120250224799109,2,70.48804673793474,15,5,0
49,14,0.07896003399371523,0.07827062652089545,81.64203833685124,10,52.08694396510575,21,4,1
757,9,0.1755834685280069,0.08112753860661577,9.930617807802536,2,101.4469350536386,8,2,0
294,12,0.13292720551893764,0.0055960475178663555,1.122400658790165,2,62.21304403729143,21,6,0
1106,17,0.08882166245953911,0.33191888765010297,20.79961895209452,1,189.89350415123374,19,5,0
1363,7,0.11949588772644368,0.10744669287485809,0.8485504483691122,0,67.40643004891109,18,1,0
494,1,0.0835355142959089,0.0536815087003404,7.912145932370069,2,192.85677942421677,20,2,0
1429,15,0.01956037812887495,0.004664798854426223,8.279503510275475,2,63.266497485680596,11,4,0
1686,6,0.015917522438379902,0.18521171187739424,8.747612017670141,0,102.10582674206556,20,5,0
217,6,0.1521390068239103,0.15147595220208915,2.8026527049796983,2,138.05331282795566,12,5,0
834,13,0.2857816757772135,0.07590207250260869,0.8560811847404729,1,43.07289491842835,8,0,0
1289,11,0.06628171138120602,0.20596892042587941,0.6236836804164418,2,129.69892300306046,8,3,0
1000,19,0.2001936425757666,0.31688327362254276,3.842105600976128,2,162.15707644395704,15,1,0
591,4,0.08997657036683615,0.05629765944939321,3.683331724018214,1,62.542171658445646,13,4,0
297,13,0.7775450609380568,0.6883178106236763,4.761017523898697,1,18.137869398383376,6,1,1
1335,7,0.03930745382793007,0.0074834520485848,1.9451595741584984,0,90.39358656491737,17,5,0
709,12,0.31871099022440463,0.22179380688675412,3.4719517871578898,1,71.24207751909354,18,2,0
1292,9,0.13291205937324477,0.14144933317276417,15.645482153138106,0,97.49446214564854,7,0,0
1012,2,0.406313833231746,0.10032141880879113,13.06376607576362,1,64.66438196283366,13,0,0
1511,6,0.10232976129721279,0.08839726162273033,3.808358445311665,0,154.72982914106007,16,0,0
802,19,0.27115548206465273,0.12405820977329306,3.3140159353285297,0,132.05478279032693,10,4,0
1138,16,0.08758909506945449,0.20522877997763836,9.568409783730635,0,174.95313716525888,20,2,0
1132,3,0.033022800242099276,0.13474080646770695,1.8060721636040296,1,44.51991616359881,10,2,0
1638,5,0.1611138632483046,0.10945103611623044,5.4188632338189295,2,84.06673251441875,8,2,0
1205,7,0.07959793257030182,0.2698177765724201,4.431430641177548,1,72.1735090288419,16,3,0
1093,3,0.17721998793383067,0.1451624653738794,10.052370091766274,0,68.56017209889531,11,2,0
226,10,0.46837882105877277,0.8582817581162375,2.003156963158109,0,6.14336624638948,8,5,1
480,16,0.1194341095746409,0.025125705114219115,120.16550487645395,8,41.957366093545474,16,5,1
326,1,0.07548894719615598,0.008466222013608533,7.152672502751428,2,74.90427654011232,9,4,0
967,10,0.11517004832946592,0.08680467640466177,6.129072137640784,0,143.62958894057326,16,3,0
1178,3,0.28578416231164666,0.024646955254637254,10.296223431640977,2,45.64343139521562,17,6,0
107,16,0.6428030572219485,0.47326126531331647,1.623657347160107,2,17.441570992826247,13,0,1
157,15,0.10000645710340175,0.19062178719456607,7.646641680563029,1,165.5266624706644,16,5,0
592,7,0.12875103044371683,0.11066818559249444,4.636374255436853,2,89.01619332381713,8,2,0
738,16,0.10515001914603907,0.13941960363336584,7.425757920446647,0,124.18181995142989,11,5,0
916,4,0.05412314291746916,0.16452960304383735,1.6210798172018706,2,59.05687691060059,17,5,0
1601,9,0.2886999264515767,0.05225352346883598,10.607744212066489,0,48.41964597451642,18,5,0
1713,11,0.012565866638158084,0.03405510617852422,6.159885404359938,0,35.36376125920209,17,1,0
310,19,0.06510292128228846,0.1243637800843114,38.13961809848103,6,13.42923016341026,8,3,1
438,4,0.1932404274634119,0.08443637516329802,10.92624441482508,1,69.7579314326625,12,1,0
571,3,0.036306543431904155,0.08084264685564391,0.9010592506609925,1,125.66673859305688,16,3,0
738,17,0.23567075919383018,0.020457503277150475,5.908205266678498,0,91.29362975200037,21,0,0
387,13,0.029202304328603705,0.12704413026744343,5.666514876822186,2,36.15669689270493,18,4,0
272,10,0.7140646322243048,0.5847733256429198,0.35147460172408806,0,3.8354961406617614,4,1,1
42,17,0.7163166377313307,0.3176832071904348,1.0914886078327775,0,0.42783353199078944,2,2,1
1609,7,0.06414017285811024,0.05024974347930002,18.05232979102379,1,44.2753359483023,8,0,0
1063,10,0.24509444648130246,0.06431449561460519,11.003749442121137,0,114.14143136942147,10,5,0
1024,7,0.3463091743632092,0.01598595799789743,3.3694829654078307,2,100.33522356725142,14,5,0
240,5,0.4332006104445673,0.33039396317563896,9.430705314352767,2,90.2529904866687,18,2,0
1120,15,0.20602870034128887,0.09917220680631327,1.0752104948454426,1,100.72261160206438,8,3,0
553,16,0.5098236001099917,0.09728321052458357,107.89678419172401,5,19.86952914321974,14,5,1
1228,8,0.15274184646875644,0.11946268447399574,11.88067400869544,2,43.14252372321873,8,2,0
234,11,0.10003697251091198,0.11423307601957795,8.300507267079304,2,70.66900675415592,10,1,0
35,19,0.45563157176961344,0.29716574963469833,5.786871583019121,1,0.7442778438232281,7,2,1
614,17,0.07327366418804776,0.013545098944064434,3.354931426017979,1,47.28101042540271,12,5,0
845,14,0.08671622013340609,0.0959842456947012,21.816863030632092,0,74.47589414617457,10,3,0
66,13,0.03493020284694127,0.09699718948423007,2.9452950854757574,2,107.83899769043124,21,2,0
5,16,0.43651141579396213,0.28200858680172386,5.808403623853584,3,1.9307797630200498,3,2,1
689,4,0.07159893580677154,0.08717711014390565,11.207294835274906,1,170.89123744721536,10,3,0
630,2,0.11943370267569763,0.08723224916219037,8.06475913070126,1,72.78600396051002,19,0,0
902,19,0.37287770042736723,0.10969614461919595,4.869486135361663,0,151.49409390402343,10,0,0
259,5,0.6857319178216932,0.8338005702113523,0.10556038058619088,1,8.409217571180491,22,6,1
563,7,0.18317846006647864,0.39909944752171406,5.073118020831285,0,52.78888917017525,12,0,0
45,18,0.2029740920612341,0.21677391154093456,2.2152820393478088,0,58.094973490832004,18,4,0
429,10,0.032552162826862546,0.16437519225522493,5.035858923203489,1,49.211624311357546,12,3,0
282,13,0.6412480071835446,0.2679317663873362,3.134107508722254,1,11.059146003430506,19,0,1
970,4,0.28950203840767397,0.051050369003856386,5.86752703186023,2,76.13528729785715,12,2,0
300,19,0.09865782905988155,0.010811799647208286,47.6411186927686,5,9.797130486503878,10,3,1
1725,16,0.30111891738830227,0.05636396269909716,5.782576411647073,2,21.606536168585436,21,3,0
1152,8,0.009112742054324385,0.1009547333986706,7.576974468558135,2,63.60994014262425,12,4,0
51,16,0.8515487326590042,0.5687381392879548,6.410008865911559,0,0.8469970859903986,6,5,1
586,16,0.20823241230399844,0.23310326054741773,1.4755451495893757,0,125.3246073491294,16,1,0
503,17,0.09213447105385655,0.07594434119466072,5.496635168021941,0,76.91153378576156,14,6,0
686,15,0.03533492757187301,0.018292184676215868,5.2811492002354035,2,106.85768458901401,16,3,0
217,9,0.3142270495832181,0.01839765784101111,13.101505969280542,0,118.47369529717325,9,3,0
773,15,0.054450294188204226,0.029647207018019397,3.089103351838859,1,48.90429662692859,19,6,0
1351,6,0.15715833229960668,0.031956219979664295,2.965580199821389,2,75.37142329258702,11,2,0
1111,9,0.21503900293259576,0.14473965490639112,0.34852984237234036,0,62.53538487643566,13,0,0
231,9,0.09174167775397143,0.07627397984387992,3.723285641800503,1,133.62817936753405,10,4,0
584,15,0.041727955229917554,0.14622714020478583,27.219133767494426,10,27.81618704695428,16,4,1
37,18,0.32762180146234776,0.4406892480727373,0.640513974414968,0,0.6066201152582785,1,2,1
1676,2,0.08273856592924278,0.1374116311219802,2.934316865227956,0,54.6463488115112,20,5,0
370,19,0.3702239059975231,0.1744661639042662,3.182373236537443,1,129.9429474374851,14,2,0
696,12,0.09108463031967107,0.38059525123255195,10.944136512211875,0,50.9454001771448,7,0,0
950,13,0.18204393704276833,0.06488315118002924,11.875383733197609,2,146.899308665009,15,4,0
1030,18,0.07133465660503129,0.0672988385365182,18.107175473326013,0,70.88627856680816,18,5,0
46,18,0.6319561650201254,0.6791513697929935,7.514677527091392,1,1.1970198285647775,17,0,1
1243,10,0.03948632355656849,0.2710650098033377,4.874317434924107,0,82.07914859998974,16,3,0
543,11,0.20726139410129882,0.34344878265402323,1.0631738962986463,1,127.93248973444275,8,3,0
997,19,0.19888652022991285,0.29831968325876623,5.843636344608133,2,98.91057015656386,8,4,0
557,2,0.06350307574251786,0.07414574185722317,7.347044532010526,2,41.20899600521621,17,2,0
323,6,0.2168423184023456,0.11406498514555075,4.359217381165729,0,53.422215156560824,14,4,0
1761,4,0.1844715186360363,0.21534048972888606,1.102111902077282,1,53.59078869165376,9,3,0
352,6,0.034453638901558586,0.17671395604263512,5.011075553663488,0,140.71107051306078,19,0,0
171,11,0.12342304080258637,0.0032309489477285193,1.4588828658722242,1,46.76790055266996,21,3,0
750,8,0.2554436380118908,0.01874472225137555,4.001556518441893,2,173.21325441162207,8,0,0
1714,8,0.17882141699677528,0.29271830372543606,5.02265486734683,1,176.94581979362667,10,4,0
1743,9,0.24079008831738546,0.02306597168258965,3.2679725227550307,1,61.087419477861104,19,6,0
